Workspace-relative path,Category,Bytes
package.json,Existing source/configuration (unchanged),649
pnpm-workspace.yaml,Existing source/configuration (unchanged),6680
pnpm-lock.yaml,Existing source/configuration (unchanged),442700
.npmrc,Existing source/configuration (unchanged),56
artifacts/pint-wars/app.json,Existing source/configuration (unchanged),1632
artifacts/pint-wars/package.json,Existing source/configuration (unchanged),2820
artifacts/pint-wars/eas.json,Existing source/configuration (unchanged),369
artifacts/pint-wars/.gitignore,Existing source/configuration (unchanged),487
artifacts/pint-wars/scripts/verify-memories-native.py,Existing source/configuration (unchanged),4484
artifacts/pint-wars/app/_layout.tsx,Existing source/configuration (unchanged),3322
artifacts/pint-wars/src/lib/supabase.ts,Existing source/configuration (unchanged),1047
artifacts/pint-wars/src/providers/RevenueCatProvider.tsx,Existing source/configuration (unchanged),5589
artifacts/pint-wars/app/war/[leagueId]/memories.tsx,Existing source/configuration (unchanged),7156
artifacts/pint-wars/src/lib/memories-native.ts,Existing source/configuration (unchanged),3264
artifacts/pint-wars/src/lib/memories-video-pipeline.ts,Existing source/configuration (unchanged),4866
artifacts/pint-wars/src/lib/memories-actions.ts,Existing source/configuration (unchanged),1243
artifacts/pint-wars/src/components/MemoriesVideoPlayer.tsx,Existing source/configuration (unchanged),689
artifacts/pint-wars/src/components/PintWarMemoriesPresentation.tsx,Existing source/configuration (unchanged),24916
artifacts/pint-wars/modules/pint-wars-memories/README.md,Existing source/configuration (unchanged),4072
artifacts/pint-wars/modules/pint-wars-memories/expo-module.config.json,Existing source/configuration (unchanged),89
artifacts/pint-wars/modules/pint-wars-memories/ios/Frameworks/ffmpegkit.xcframework/Info.plist,Vendored framework,717
artifacts/pint-wars/modules/pint-wars-memories/ios/Frameworks/ffmpegkit.xcframework/ios-arm64/ffmpegkit.framework/Headers/AbstractSession.h,Vendored framework,1919
artifacts/pint-wars/modules/pint-wars-memories/ios/Frameworks/ffmpegkit.xcframework/ios-arm64/ffmpegkit.framework/Headers/ArchDetect.h,Vendored framework,1390
artifacts/pint-wars/modules/pint-wars-memories/ios/Frameworks/ffmpegkit.xcframework/ios-arm64/ffmpegkit.framework/Headers/AtomicLong.h,Vendored framework,1067
artifacts/pint-wars/modules/pint-wars-memories/ios/Frameworks/ffmpegkit.xcframework/ios-arm64/ffmpegkit.framework/Headers/Chapter.h,Vendored framework,2180
artifacts/pint-wars/modules/pint-wars-memories/ios/Frameworks/ffmpegkit.xcframework/ios-arm64/ffmpegkit.framework/Headers/FFmpegKit.h,Vendored framework,10220
artifacts/pint-wars/modules/pint-wars-memories/ios/Frameworks/ffmpegkit.xcframework/ios-arm64/ffmpegkit.framework/Headers/FFmpegKitConfig.h,Vendored framework,16447
artifacts/pint-wars/modules/pint-wars-memories/ios/Frameworks/ffmpegkit.xcframework/ios-arm64/ffmpegkit.framework/Headers/FFmpegKitInputBuffer.h,Vendored framework,1295
artifacts/pint-wars/modules/pint-wars-memories/ios/Frameworks/ffmpegkit.xcframework/ios-arm64/ffmpegkit.framework/Headers/FFmpegKitOutputBuffer.h,Vendored framework,1481
artifacts/pint-wars/modules/pint-wars-memories/ios/Frameworks/ffmpegkit.xcframework/ios-arm64/ffmpegkit.framework/Headers/FFmpegKitStreamInput.h,Vendored framework,1413
artifacts/pint-wars/modules/pint-wars-memories/ios/Frameworks/ffmpegkit.xcframework/ios-arm64/ffmpegkit.framework/Headers/FFmpegKitStreamOutput.h,Vendored framework,1281
artifacts/pint-wars/modules/pint-wars-memories/ios/Frameworks/ffmpegkit.xcframework/ios-arm64/ffmpegkit.framework/Headers/FFmpegSession.h,Vendored framework,4653
artifacts/pint-wars/modules/pint-wars-memories/ios/Frameworks/ffmpegkit.xcframework/ios-arm64/ffmpegkit.framework/Headers/FFmpegSessionCompleteCallback.h,Vendored framework,1856
artifacts/pint-wars/modules/pint-wars-memories/ios/Frameworks/ffmpegkit.xcframework/ios-arm64/ffmpegkit.framework/Headers/FFprobeKit.h,Vendored framework,17884
artifacts/pint-wars/modules/pint-wars-memories/ios/Frameworks/ffmpegkit.xcframework/ios-arm64/ffmpegkit.framework/Headers/FFprobeSession.h,Vendored framework,2665
artifacts/pint-wars/modules/pint-wars-memories/ios/Frameworks/ffmpegkit.xcframework/ios-arm64/ffmpegkit.framework/Headers/FFprobeSessionCompleteCallback.h,Vendored framework,1843
artifacts/pint-wars/modules/pint-wars-memories/ios/Frameworks/ffmpegkit.xcframework/ios-arm64/ffmpegkit.framework/Headers/Level.h,Vendored framework,2271
artifacts/pint-wars/modules/pint-wars-memories/ios/Frameworks/ffmpegkit.xcframework/ios-arm64/ffmpegkit.framework/Headers/Log.h,Vendored framework,1090
artifacts/pint-wars/modules/pint-wars-memories/ios/Frameworks/ffmpegkit.xcframework/ios-arm64/ffmpegkit.framework/Headers/LogCallback.h,Vendored framework,1058
artifacts/pint-wars/modules/pint-wars-memories/ios/Frameworks/ffmpegkit.xcframework/ios-arm64/ffmpegkit.framework/Headers/LogRedirectionStrategy.h,Vendored framework,1214
artifacts/pint-wars/modules/pint-wars-memories/ios/Frameworks/ffmpegkit.xcframework/ios-arm64/ffmpegkit.framework/Headers/MediaInformation.h,Vendored framework,3861
artifacts/pint-wars/modules/pint-wars-memories/ios/Frameworks/ffmpegkit.xcframework/ios-arm64/ffmpegkit.framework/Headers/MediaInformationJsonParser.h,Vendored framework,1667
artifacts/pint-wars/modules/pint-wars-memories/ios/Frameworks/ffmpegkit.xcframework/ios-arm64/ffmpegkit.framework/Headers/MediaInformationSession.h,Vendored framework,2725
artifacts/pint-wars/modules/pint-wars-memories/ios/Frameworks/ffmpegkit.xcframework/ios-arm64/ffmpegkit.framework/Headers/MediaInformationSessionCompleteCallback.h,Vendored framework,1923
artifacts/pint-wars/modules/pint-wars-memories/ios/Frameworks/ffmpegkit.xcframework/ios-arm64/ffmpegkit.framework/Headers/Packages.h,Vendored framework,1236
artifacts/pint-wars/modules/pint-wars-memories/ios/Frameworks/ffmpegkit.xcframework/ios-arm64/ffmpegkit.framework/Headers/ReturnCode.h,Vendored framework,1225
artifacts/pint-wars/modules/pint-wars-memories/ios/Frameworks/ffmpegkit.xcframework/ios-arm64/ffmpegkit.framework/Headers/Session.h,Vendored framework,6729
artifacts/pint-wars/modules/pint-wars-memories/ios/Frameworks/ffmpegkit.xcframework/ios-arm64/ffmpegkit.framework/Headers/SessionState.h,Vendored framework,997
artifacts/pint-wars/modules/pint-wars-memories/ios/Frameworks/ffmpegkit.xcframework/ios-arm64/ffmpegkit.framework/Headers/Statistics.h,Vendored framework,1464
artifacts/pint-wars/modules/pint-wars-memories/ios/Frameworks/ffmpegkit.xcframework/ios-arm64/ffmpegkit.framework/Headers/StatisticsCallback.h,Vendored framework,1130
artifacts/pint-wars/modules/pint-wars-memories/ios/Frameworks/ffmpegkit.xcframework/ios-arm64/ffmpegkit.framework/Headers/StreamInformation.h,Vendored framework,4331
artifacts/pint-wars/modules/pint-wars-memories/ios/Frameworks/ffmpegkit.xcframework/ios-arm64/ffmpegkit.framework/Headers/avtextformat.h,Vendored framework,9451
artifacts/pint-wars/modules/pint-wars-memories/ios/Frameworks/ffmpegkit.xcframework/ios-arm64/ffmpegkit.framework/Headers/avtextwriters.h,Vendored framework,2352
artifacts/pint-wars/modules/pint-wars-memories/ios/Frameworks/ffmpegkit.xcframework/ios-arm64/ffmpegkit.framework/Headers/cmdutils.h,Vendored framework,20830
artifacts/pint-wars/modules/pint-wars-memories/ios/Frameworks/ffmpegkit.xcframework/ios-arm64/ffmpegkit.framework/Headers/ffmpeg.h,Vendored framework,30917
artifacts/pint-wars/modules/pint-wars-memories/ios/Frameworks/ffmpegkit.xcframework/ios-arm64/ffmpegkit.framework/Headers/ffmpeg_context.h,Vendored framework,4473
artifacts/pint-wars/modules/pint-wars-memories/ios/Frameworks/ffmpegkit.xcframework/ios-arm64/ffmpegkit.framework/Headers/ffmpeg_mux.h,Vendored framework,5389
artifacts/pint-wars/modules/pint-wars-memories/ios/Frameworks/ffmpegkit.xcframework/ios-arm64/ffmpegkit.framework/Headers/ffmpeg_sched.h,Vendored framework,22935
artifacts/pint-wars/modules/pint-wars-memories/ios/Frameworks/ffmpegkit.xcframework/ios-arm64/ffmpegkit.framework/Headers/ffmpeg_utils.h,Vendored framework,3281
artifacts/pint-wars/modules/pint-wars-memories/ios/Frameworks/ffmpegkit.xcframework/ios-arm64/ffmpegkit.framework/Headers/ffmpegkit_exception.h,Vendored framework,975
artifacts/pint-wars/modules/pint-wars-memories/ios/Frameworks/ffmpegkit.xcframework/ios-arm64/ffmpegkit.framework/Headers/fopen_utf8.h,Vendored framework,3520
artifacts/pint-wars/modules/pint-wars-memories/ios/Frameworks/ffmpegkit.xcframework/ios-arm64/ffmpegkit.framework/Headers/graphprint.h,Vendored framework,1142
artifacts/pint-wars/modules/pint-wars-memories/ios/Frameworks/ffmpegkit.xcframework/ios-arm64/ffmpegkit.framework/Headers/opt_common.h,Vendored framework,12818
artifacts/pint-wars/modules/pint-wars-memories/ios/Frameworks/ffmpegkit.xcframework/ios-arm64/ffmpegkit.framework/Headers/resman.h,Vendored framework,2323
artifacts/pint-wars/modules/pint-wars-memories/ios/Frameworks/ffmpegkit.xcframework/ios-arm64/ffmpegkit.framework/Headers/sync_queue.h,Vendored framework,5498
artifacts/pint-wars/modules/pint-wars-memories/ios/Frameworks/ffmpegkit.xcframework/ios-arm64/ffmpegkit.framework/Headers/tf_internal.h,Vendored framework,2424
artifacts/pint-wars/modules/pint-wars-memories/ios/Frameworks/ffmpegkit.xcframework/ios-arm64/ffmpegkit.framework/Headers/tf_mermaid.h,Vendored framework,1348
artifacts/pint-wars/modules/pint-wars-memories/ios/Frameworks/ffmpegkit.xcframework/ios-arm64/ffmpegkit.framework/Headers/thread_queue.h,Vendored framework,5015
artifacts/pint-wars/modules/pint-wars-memories/ios/Frameworks/ffmpegkit.xcframework/ios-arm64/ffmpegkit.framework/Info.plist,Vendored framework,915
artifacts/pint-wars/modules/pint-wars-memories/ios/Frameworks/ffmpegkit.xcframework/ios-arm64/ffmpegkit.framework/LICENSE,Vendored framework,7651
artifacts/pint-wars/modules/pint-wars-memories/ios/Frameworks/ffmpegkit.xcframework/ios-arm64/ffmpegkit.framework/Modules/module.modulemap,Vendored framework,968
artifacts/pint-wars/modules/pint-wars-memories/ios/Frameworks/ffmpegkit.xcframework/ios-arm64/ffmpegkit.framework/SOURCE,Vendored framework,610
artifacts/pint-wars/modules/pint-wars-memories/ios/Frameworks/ffmpegkit.xcframework/ios-arm64/ffmpegkit.framework/ffmpegkit,Vendored framework,676896
artifacts/pint-wars/modules/pint-wars-memories/ios/Frameworks/ffmpegkit.xcframework/ios-arm64/ffmpegkit.framework/strip-frameworks.sh,Vendored framework,2127
artifacts/pint-wars/modules/pint-wars-memories/ios/Frameworks/libavcodec.xcframework/Info.plist,Vendored framework,720
artifacts/pint-wars/modules/pint-wars-memories/ios/Frameworks/libavcodec.xcframework/ios-arm64/libavcodec.framework/Headers/a64colors.h,Vendored framework,1483
artifacts/pint-wars/modules/pint-wars-memories/ios/Frameworks/libavcodec.xcframework/ios-arm64/libavcodec.framework/Headers/a64tables.h,Vendored framework,3347
artifacts/pint-wars/modules/pint-wars-memories/ios/Frameworks/libavcodec.xcframework/ios-arm64/libavcodec.framework/Headers/aac/aacdec.h,Vendored framework,19839
artifacts/pint-wars/modules/pint-wars-memories/ios/Frameworks/libavcodec.xcframework/ios-arm64/libavcodec.framework/Headers/aac/aacdec_ac.h,Vendored framework,1772
artifacts/pint-wars/modules/pint-wars-memories/ios/Frameworks/libavcodec.xcframework/ios-arm64/libavcodec.framework/Headers/aac/aacdec_fixed_coupling.h,Vendored framework,5067
artifacts/pint-wars/modules/pint-wars-memories/ios/Frameworks/libavcodec.xcframework/ios-arm64/libavcodec.framework/Headers/aac/aacdec_fixed_dequant.h,Vendored framework,4812
artifacts/pint-wars/modules/pint-wars-memories/ios/Frameworks/libavcodec.xcframework/ios-arm64/libavcodec.framework/Headers/aac/aacdec_fixed_prediction.h,Vendored framework,4476
artifacts/pint-wars/modules/pint-wars-memories/ios/Frameworks/libavcodec.xcframework/ios-arm64/libavcodec.framework/Headers/aac/aacdec_float_coupling.h,Vendored framework,3389
artifacts/pint-wars/modules/pint-wars-memories/ios/Frameworks/libavcodec.xcframework/ios-arm64/libavcodec.framework/Headers/aac/aacdec_float_prediction.h,Vendored framework,3069
artifacts/pint-wars/modules/pint-wars-memories/ios/Frameworks/libavcodec.xcframework/ios-arm64/libavcodec.framework/Headers/aac/aacdec_latm.h,Vendored framework,11789
artifacts/pint-wars/modules/pint-wars-memories/ios/Frameworks/libavcodec.xcframework/ios-arm64/libavcodec.framework/Headers/aac/aacdec_lpd.h,Vendored framework,1240
artifacts/pint-wars/modules/pint-wars-memories/ios/Frameworks/libavcodec.xcframework/ios-arm64/libavcodec.framework/Headers/aac/aacdec_tab.h,Vendored framework,3108
artifacts/pint-wars/modules/pint-wars-memories/ios/Frameworks/libavcodec.xcframework/ios-arm64/libavcodec.framework/Headers/aac/aacdec_usac.h,Vendored framework,1386
artifacts/pint-wars/modules/pint-wars-memories/ios/Frameworks/libavcodec.xcframework/ios-arm64/libavcodec.framework/Headers/aac/aacdec_usac_mps212.h,Vendored framework,2261
artifacts/pint-wars/modules/pint-wars-memories/ios/Frameworks/libavcodec.xcframework/ios-arm64/libavcodec.framework/Headers/aac.h,Vendored framework,4134
artifacts/pint-wars/modules/pint-wars-memories/ios/Frameworks/libavcodec.xcframework/ios-arm64/libavcodec.framework/Headers/aac_ac3_parser.h,Vendored framework,1594
artifacts/pint-wars/modules/pint-wars-memories/ios/Frameworks/libavcodec.xcframework/ios-arm64/libavcodec.framework/Headers/aac_defines.h,Vendored framework,5606
artifacts/pint-wars/modules/pint-wars-memories/ios/Frameworks/libavcodec.xcframework/ios-arm64/libavcodec.framework/Headers/aaccoder_trellis.h,Vendored framework,7222
artifacts/pint-wars/modules/pint-wars-memories/ios/Frameworks/libavcodec.xcframework/ios-arm64/libavcodec.framework/Headers/aaccoder_twoloop.h,Vendored framework,35586
artifacts/pint-wars/modules/pint-wars-memories/ios/Frameworks/libavcodec.xcframework/ios-arm64/libavcodec.framework/Headers/aacenc.h,Vendored framework,8904
artifacts/pint-wars/modules/pint-wars-memories/ios/Frameworks/libavcodec.xcframework/ios-arm64/libavcodec.framework/Headers/aacenc_is.h,Vendored framework,1149
artifacts/pint-wars/modules/pint-wars-memories/ios/Frameworks/libavcodec.xcframework/ios-arm64/libavcodec.framework/Headers/aacenc_quantization.h,Vendored framework,2551
artifacts/pint-wars/modules/pint-wars-memories/ios/Frameworks/libavcodec.xcframework/ios-arm64/libavcodec.framework/Headers/aacenc_quantization_misc.h,Vendored framework,2093
artifacts/pint-wars/modules/pint-wars-memories/ios/Frameworks/libavcodec.xcframework/ios-arm64/libavcodec.framework/Headers/aacenc_tns.h,Vendored framework,1271
artifacts/pint-wars/modules/pint-wars-memories/ios/Frameworks/libavcodec.xcframework/ios-arm64/libavcodec.framework/Headers/aacenc_utils.h,Vendored framework,7991
artifacts/pint-wars/modules/pint-wars-memories/ios/Frameworks/libavcodec.xcframework/ios-arm64/libavcodec.framework/Headers/aacencdsp.h,Vendored framework,1351
artifacts/pint-wars/modules/pint-wars-memories/ios/Frameworks/libavcodec.xcframework/ios-arm64/libavcodec.framework/Headers/aacenctab.h,Vendored framework,5230
artifacts/pint-wars/modules/pint-wars-memories/ios/Frameworks/libavcodec.xcframework/ios-arm64/libavcodec.framework/Headers/aacps.h,Vendored framework,3920
artifacts/pint-wars/modules/pint-wars-memories/ios/Frameworks/libavcodec.xcframework/ios-arm64/libavcodec.framework/Headers/aacps_fixed_tablegen.h,Vendored framework,27230
artifacts/pint-wars/modules/pint-wars-memories/ios/Frameworks/libavcodec.xcframework/ios-arm64/libavcodec.framework/Headers/aacps_tablegen.h,Vendored framework,8639
artifacts/pint-wars/modules/pint-wars-memories/ios/Frameworks/libavcodec.xcframework/ios-arm64/libavcodec.framework/Headers/aacpsdsp.h,Vendored framework,2531
artifacts/pint-wars/modules/pint-wars-memories/ios/Frameworks/libavcodec.xcframework/ios-arm64/libavcodec.framework/Headers/aacsbr.h,Vendored framework,3775
artifacts/pint-wars/modules/pint-wars-memories/ios/Frameworks/libavcodec.xcframework/ios-arm64/libavcodec.framework/Headers/aacsbrdata.h,Vendored framework,23920
artifacts/pint-wars/modules/pint-wars-memories/ios/Frameworks/libavcodec.xcframework/ios-arm64/libavcodec.framework/Headers/aactab.h,Vendored framework,4461
artifacts/pint-wars/modules/pint-wars-memories/ios/Frameworks/libavcodec.xcframework/ios-arm64/libavcodec.framework/Headers/aandcttab.h,Vendored framework,1025
artifacts/pint-wars/modules/pint-wars-memories/ios/Frameworks/libavcodec.xcframework/ios-arm64/libavcodec.framework/Headers/aarch64/cabac.h,Vendored framework,5053
artifacts/pint-wars/modules/pint-wars-memories/ios/Frameworks/libavcodec.xcframework/ios-arm64/libavcodec.framework/Headers/aarch64/fdct.h,Vendored framework,920
artifacts/pint-wars/modules/pint-wars-memories/ios/Frameworks/libavcodec.xcframework/ios-arm64/libavcodec.framework/Headers/aarch64/h26x/dsp.h,Vendored framework,14718
artifacts/pint-wars/modules/pint-wars-memories/ios/Frameworks/libavcodec.xcframework/ios-arm64/libavcodec.framework/Headers/aarch64/idct.h,Vendored framework,1108
artifacts/pint-wars/modules/pint-wars-memories/ios/Frameworks/libavcodec.xcframework/ios-arm64/libavcodec.framework/Headers/aarch64/vp8dsp.h,Vendored framework,3440
artifacts/pint-wars/modules/pint-wars-memories/ios/Frameworks/libavcodec.xcframework/ios-arm64/libavcodec.framework/Headers/aarch64/vp9dsp_init.h,Vendored framework,1064
artifacts/pint-wars/modules/pint-wars-memories/ios/Frameworks/libavcodec.xcframework/ios-arm64/libavcodec.framework/Headers/ac3.h,Vendored framework,5265
artifacts/pint-wars/modules/pint-wars-memories/ios/Frameworks/libavcodec.xcframework/ios-arm64/libavcodec.framework/Headers/ac3_channel_layout_tab.h,Vendored framework,1294
artifacts/pint-wars/modules/pint-wars-memories/ios/Frameworks/libavcodec.xcframework/ios-arm64/libavcodec.framework/Headers/ac3_parser.h,Vendored framework,1207
artifacts/pint-wars/modules/pint-wars-memories/ios/Frameworks/libavcodec.xcframework/ios-arm64/libavcodec.framework/Headers/ac3_parser_internal.h,Vendored framework,3557
artifacts/pint-wars/modules/pint-wars-memories/ios/Frameworks/libavcodec.xcframework/ios-arm64/libavcodec.framework/Headers/ac3dec.h,Vendored framework,14997
artifacts/pint-wars/modules/pint-wars-memories/ios/Frameworks/libavcodec.xcframework/ios-arm64/libavcodec.framework/Headers/ac3dec_data.h,Vendored framework,1767
artifacts/pint-wars/modules/pint-wars-memories/ios/Frameworks/libavcodec.xcframework/ios-arm64/libavcodec.framework/Headers/ac3defs.h,Vendored framework,3481
artifacts/pint-wars/modules/pint-wars-memories/ios/Frameworks/libavcodec.xcframework/ios-arm64/libavcodec.framework/Headers/ac3dsp.h,Vendored framework,4922
artifacts/pint-wars/modules/pint-wars-memories/ios/Frameworks/libavcodec.xcframework/ios-arm64/libavcodec.framework/Headers/ac3enc.h,Vendored framework,12697
artifacts/pint-wars/modules/pint-wars-memories/ios/Frameworks/libavcodec.xcframework/ios-arm64/libavcodec.framework/Headers/ac3tab.h,Vendored framework,2349
artifacts/pint-wars/modules/pint-wars-memories/ios/Frameworks/libavcodec.xcframework/ios-arm64/libavcodec.framework/Headers/acelp_filters.h,Vendored framework,6195
artifacts/pint-wars/modules/pint-wars-memories/ios/Frameworks/libavcodec.xcframework/ios-arm64/libavcodec.framework/Headers/acelp_pitch_delay.h,Vendored framework,9787
artifacts/pint-wars/modules/pint-wars-memories/ios/Frameworks/libavcodec.xcframework/ios-arm64/libavcodec.framework/Headers/acelp_vectors.h,Vendored framework,10439
artifacts/pint-wars/modules/pint-wars-memories/ios/Frameworks/libavcodec.xcframework/ios-arm64/libavcodec.framework/Headers/adpcm.h,Vendored framework,1403
artifacts/pint-wars/modules/pint-wars-memories/ios/Frameworks/libavcodec.xcframework/ios-arm64/libavcodec.framework/Headers/adpcm_data.h,Vendored framework,1441
artifacts/pint-wars/modules/pint-wars-memories/ios/Frameworks/libavcodec.xcframework/ios-arm64/libavcodec.framework/Headers/adts_header.h,Vendored framework,2919
artifacts/pint-wars/modules/pint-wars-memories/ios/Frameworks/libavcodec.xcframework/ios-arm64/libavcodec.framework/Headers/adts_parser.h,Vendored framework,1354
artifacts/pint-wars/modules/pint-wars-memories/ios/Frameworks/libavcodec.xcframework/ios-arm64/libavcodec.framework/Headers/adx.h,Vendored framework,1778
artifacts/pint-wars/modules/pint-wars-memories/ios/Frameworks/libavcodec.xcframework/ios-arm64/libavcodec.framework/Headers/alac_data.h,Vendored framework,1451
artifacts/pint-wars/modules/pint-wars-memories/ios/Frameworks/libavcodec.xcframework/ios-arm64/libavcodec.framework/Headers/alacdsp.h,Vendored framework,1359
artifacts/pint-wars/modules/pint-wars-memories/ios/Frameworks/libavcodec.xcframework/ios-arm64/libavcodec.framework/Headers/amfdec.h,Vendored framework,2083
artifacts/pint-wars/modules/pint-wars-memories/ios/Frameworks/libavcodec.xcframework/ios-arm64/libavcodec.framework/Headers/amfenc.h,Vendored framework,5401
artifacts/pint-wars/modules/pint-wars-memories/ios/Frameworks/libavcodec.xcframework/ios-arm64/libavcodec.framework/Headers/amr.h,Vendored framework,2232
artifacts/pint-wars/modules/pint-wars-memories/ios/Frameworks/libavcodec.xcframework/ios-arm64/libavcodec.framework/Headers/amrnbdata.h,Vendored framework,104592
artifacts/pint-wars/modules/pint-wars-memories/ios/Frameworks/libavcodec.xcframework/ios-arm64/libavcodec.framework/Headers/amrwbdata.h,Vendored framework,101265
artifacts/pint-wars/modules/pint-wars-memories/ios/Frameworks/libavcodec.xcframework/ios-arm64/libavcodec.framework/Headers/aom_film_grain.h,Vendored framework,2017
artifacts/pint-wars/modules/pint-wars-memories/ios/Frameworks/libavcodec.xcframework/ios-arm64/libavcodec.framework/Headers/apng.h,Vendored framework,1232
artifacts/pint-wars/modules/pint-wars-memories/ios/Frameworks/libavcodec.xcframework/ios-arm64/libavcodec.framework/Headers/aptx.h,Vendored framework,6594
artifacts/pint-wars/modules/pint-wars-memories/ios/Frameworks/libavcodec.xcframework/ios-arm64/libavcodec.framework/Headers/apv.h,Vendored framework,2575
artifacts/pint-wars/modules/pint-wars-memories/ios/Frameworks/libavcodec.xcframework/ios-arm64/libavcodec.framework/Headers/apv_decode.h,Vendored framework,4340
artifacts/pint-wars/modules/pint-wars-memories/ios/Frameworks/libavcodec.xcframework/ios-arm64/libavcodec.framework/Headers/apv_dsp.h,Vendored framework,1319
artifacts/pint-wars/modules/pint-wars-memories/ios/Frameworks/libavcodec.xcframework/ios-arm64/libavcodec.framework/Headers/arm/aac.h,Vendored framework,5922
artifacts/pint-wars/modules/pint-wars-memories/ios/Frameworks/libavcodec.xcframework/ios-arm64/libavcodec.framework/Headers/arm/asm-offsets.h,Vendored framework,1200
artifacts/pint-wars/modules/pint-wars-memories/ios/Frameworks/libavcodec.xcframework/ios-arm64/libavcodec.framework/Headers/arm/audiodsp_arm.h,Vendored framework,958
artifacts/pint-wars/modules/pint-wars-memories/ios/Frameworks/libavcodec.xcframework/ios-arm64/libavcodec.framework/Headers/arm/blockdsp_arm.h,Vendored framework,958
artifacts/pint-wars/modules/pint-wars-memories/ios/Frameworks/libavcodec.xcframework/ios-arm64/libavcodec.framework/Headers/arm/cabac.h,Vendored framework,5250
artifacts/pint-wars/modules/pint-wars-memories/ios/Frameworks/libavcodec.xcframework/ios-arm64/libavcodec.framework/Headers/arm/dca.h,Vendored framework,3156
artifacts/pint-wars/modules/pint-wars-memories/ios/Frameworks/libavcodec.xcframework/ios-arm64/libavcodec.framework/Headers/arm/hevcdsp_arm.h,Vendored framework,975
artifacts/pint-wars/modules/pint-wars-memories/ios/Frameworks/libavcodec.xcframework/ios-arm64/libavcodec.framework/Headers/arm/hpeldsp_arm.h,Vendored framework,1077
artifacts/pint-wars/modules/pint-wars-memories/ios/Frameworks/libavcodec.xcframework/ios-arm64/libavcodec.framework/Headers/arm/idct.h,Vendored framework,1596
artifacts/pint-wars/modules/pint-wars-memories/ios/Frameworks/libavcodec.xcframework/ios-arm64/libavcodec.framework/Headers/arm/idctdsp_arm.h,Vendored framework,1362
artifacts/pint-wars/modules/pint-wars-memories/ios/Frameworks/libavcodec.xcframework/ios-arm64/libavcodec.framework/Headers/arm/mathops.h,Vendored framework,2406
artifacts/pint-wars/modules/pint-wars-memories/ios/Frameworks/libavcodec.xcframework/ios-arm64/libavcodec.framework/Headers/arm/mpegvideo_arm.h,Vendored framework,987
artifacts/pint-wars/modules/pint-wars-memories/ios/Frameworks/libavcodec.xcframework/ios-arm64/libavcodec.framework/Headers/arm/startcode.h,Vendored framework,957
artifacts/pint-wars/modules/pint-wars-memories/ios/Frameworks/libavcodec.xcframework/ios-arm64/libavcodec.framework/Headers/arm/vc1dsp.h,Vendored framework,936
artifacts/pint-wars/modules/pint-wars-memories/ios/Frameworks/libavcodec.xcframework/ios-arm64/libavcodec.framework/Headers/arm/videodsp_arm.h,Vendored framework,1060
artifacts/pint-wars/modules/pint-wars-memories/ios/Frameworks/libavcodec.xcframework/ios-arm64/libavcodec.framework/Headers/arm/vp8.h,Vendored framework,1319
artifacts/pint-wars/modules/pint-wars-memories/ios/Frameworks/libavcodec.xcframework/ios-arm64/libavcodec.framework/Headers/arm/vp8dsp.h,Vendored framework,3617
artifacts/pint-wars/modules/pint-wars-memories/ios/Frameworks/libavcodec.xcframework/ios-arm64/libavcodec.framework/Headers/arm/vp9dsp_init.h,Vendored framework,1044
artifacts/pint-wars/modules/pint-wars-memories/ios/Frameworks/libavcodec.xcframework/ios-arm64/libavcodec.framework/Headers/arm/vpx_arith.h,Vendored framework,4143
artifacts/pint-wars/modules/pint-wars-memories/ios/Frameworks/libavcodec.xcframework/ios-arm64/libavcodec.framework/Headers/ass.h,Vendored framework,5549
artifacts/pint-wars/modules/pint-wars-memories/ios/Frameworks/libavcodec.xcframework/ios-arm64/libavcodec.framework/Headers/ass_split.h,Vendored framework,6733
artifacts/pint-wars/modules/pint-wars-memories/ios/Frameworks/libavcodec.xcframework/ios-arm64/libavcodec.framework/Headers/asv.h,Vendored framework,1513
artifacts/pint-wars/modules/pint-wars-memories/ios/Frameworks/libavcodec.xcframework/ios-arm64/libavcodec.framework/Headers/atrac.h,Vendored framework,3370
artifacts/pint-wars/modules/pint-wars-memories/ios/Frameworks/libavcodec.xcframework/ios-arm64/libavcodec.framework/Headers/atrac1data.h,Vendored framework,2660
artifacts/pint-wars/modules/pint-wars-memories/ios/Frameworks/libavcodec.xcframework/ios-arm64/libavcodec.framework/Headers/atrac3data.h,Vendored framework,3987
artifacts/pint-wars/modules/pint-wars-memories/ios/Frameworks/libavcodec.xcframework/ios-arm64/libavcodec.framework/Headers/atrac3plus.h,Vendored framework,9933
artifacts/pint-wars/modules/pint-wars-memories/ios/Frameworks/libavcodec.xcframework/ios-arm64/libavcodec.framework/Headers/atrac3plus_data.h,Vendored framework,94964
artifacts/pint-wars/modules/pint-wars-memories/ios/Frameworks/libavcodec.xcframework/ios-arm64/libavcodec.framework/Headers/atrac9tab.h,Vendored framework,76163
artifacts/pint-wars/modules/pint-wars-memories/ios/Frameworks/libavcodec.xcframework/ios-arm64/libavcodec.framework/Headers/atsc_a53.h,Vendored framework,2344
artifacts/pint-wars/modules/pint-wars-memories/ios/Frameworks/libavcodec.xcframework/ios-arm64/libavcodec.framework/Headers/audio_frame_queue.h,Vendored framework,2506
artifacts/pint-wars/modules/pint-wars-memories/ios/Frameworks/libavcodec.xcframework/ios-arm64/libavcodec.framework/Headers/audiodsp.h,Vendored framework,2444
artifacts/pint-wars/modules/pint-wars-memories/ios/Frameworks/libavcodec.xcframework/ios-arm64/libavcodec.framework/Headers/av1.h,Vendored framework,5368
artifacts/pint-wars/modules/pint-wars-memories/ios/Frameworks/libavcodec.xcframework/ios-arm64/libavcodec.framework/Headers/av1_levels.h,Vendored framework,1883
artifacts/pint-wars/modules/pint-wars-memories/ios/Frameworks/libavcodec.xcframework/ios-arm64/libavcodec.framework/Headers/av1_parse.h,Vendored framework,4535
artifacts/pint-wars/modules/pint-wars-memories/ios/Frameworks/libavcodec.xcframework/ios-arm64/libavcodec.framework/Headers/av1dec.h,Vendored framework,3630
artifacts/pint-wars/modules/pint-wars-memories/ios/Frameworks/libavcodec.xcframework/ios-arm64/libavcodec.framework/Headers/avcodec.h,Vendored framework,108600
artifacts/pint-wars/modules/pint-wars-memories/ios/Frameworks/libavcodec.xcframework/ios-arm64/libavcodec.framework/Headers/avcodec_internal.h,Vendored framework,3584
artifacts/pint-wars/modules/pint-wars-memories/ios/Frameworks/libavcodec.xcframework/ios-arm64/libavcodec.framework/Headers/avdct.h,Vendored framework,2767
artifacts/pint-wars/modules/pint-wars-memories/ios/Frameworks/libavcodec.xcframework/ios-arm64/libavcodec.framework/Headers/avs2.h,Vendored framework,1631
artifacts/pint-wars/modules/pint-wars-memories/ios/Frameworks/libavcodec.xcframework/ios-arm64/libavcodec.framework/Headers/avs3.h,Vendored framework,3713
artifacts/pint-wars/modules/pint-wars-memories/ios/Frameworks/libavcodec.xcframework/ios-arm64/libavcodec.framework/Headers/bethsoftvideo.h,Vendored framework,1191
artifacts/pint-wars/modules/pint-wars-memories/ios/Frameworks/libavcodec.xcframework/ios-arm64/libavcodec.framework/Headers/bgmc.h,Vendored framework,1616
artifacts/pint-wars/modules/pint-wars-memories/ios/Frameworks/libavcodec.xcframework/ios-arm64/libavcodec.framework/Headers/binkdata.h,Vendored framework,33884
artifacts/pint-wars/modules/pint-wars-memories/ios/Frameworks/libavcodec.xcframework/ios-arm64/libavcodec.framework/Headers/binkdsp.h,Vendored framework,1429
artifacts/pint-wars/modules/pint-wars-memories/ios/Frameworks/libavcodec.xcframework/ios-arm64/libavcodec.framework/Headers/bintext.h,Vendored framework,1184
artifacts/pint-wars/modules/pint-wars-memories/ios/Frameworks/libavcodec.xcframework/ios-arm64/libavcodec.framework/Headers/bitstream.h,Vendored framework,7287
artifacts/pint-wars/modules/pint-wars-memories/ios/Frameworks/libavcodec.xcframework/ios-arm64/libavcodec.framework/Headers/bitstream_template.h,Vendored framework,15183
artifacts/pint-wars/modules/pint-wars-memories/ios/Frameworks/libavcodec.xcframework/ios-arm64/libavcodec.framework/Headers/blockdsp.h,Vendored framework,1733
artifacts/pint-wars/modules/pint-wars-memories/ios/Frameworks/libavcodec.xcframework/ios-arm64/libavcodec.framework/Headers/bmp.h,Vendored framework,1032
artifacts/pint-wars/modules/pint-wars-memories/ios/Frameworks/libavcodec.xcframework/ios-arm64/libavcodec.framework/Headers/bsf.h,Vendored framework,11540
artifacts/pint-wars/modules/pint-wars-memories/ios/Frameworks/libavcodec.xcframework/ios-arm64/libavcodec.framework/Headers/bsf_internal.h,Vendored framework,1926
artifacts/pint-wars/modules/pint-wars-memories/ios/Frameworks/libavcodec.xcframework/ios-arm64/libavcodec.framework/Headers/bswapdsp.h,Vendored framework,1201
artifacts/pint-wars/modules/pint-wars-memories/ios/Frameworks/libavcodec.xcframework/ios-arm64/libavcodec.framework/Headers/bytestream.h,Vendored framework,14967
artifacts/pint-wars/modules/pint-wars-memories/ios/Frameworks/libavcodec.xcframework/ios-arm64/libavcodec.framework/Headers/cabac.h,Vendored framework,1584
artifacts/pint-wars/modules/pint-wars-memories/ios/Frameworks/libavcodec.xcframework/ios-arm64/libavcodec.framework/Headers/cabac_functions.h,Vendored framework,5661
artifacts/pint-wars/modules/pint-wars-memories/ios/Frameworks/libavcodec.xcframework/ios-arm64/libavcodec.framework/Headers/canopus.h,Vendored framework,1107
artifacts/pint-wars/modules/pint-wars-memories/ios/Frameworks/libavcodec.xcframework/ios-arm64/libavcodec.framework/Headers/cavs.h,Vendored framework,7642
artifacts/pint-wars/modules/pint-wars-memories/ios/Frameworks/libavcodec.xcframework/ios-arm64/libavcodec.framework/Headers/cavsdsp.h,Vendored framework,1791
artifacts/pint-wars/modules/pint-wars-memories/ios/Frameworks/libavcodec.xcframework/ios-arm64/libavcodec.framework/Headers/cbrt_data.h,Vendored framework,1778
artifacts/pint-wars/modules/pint-wars-memories/ios/Frameworks/libavcodec.xcframework/ios-arm64/libavcodec.framework/Headers/cbrt_tablegen.h,Vendored framework,2469
artifacts/pint-wars/modules/pint-wars-memories/ios/Frameworks/libavcodec.xcframework/ios-arm64/libavcodec.framework/Headers/cbs.h,Vendored framework,17523
artifacts/pint-wars/modules/pint-wars-memories/ios/Frameworks/libavcodec.xcframework/ios-arm64/libavcodec.framework/Headers/cbs_apv.h,Vendored framework,5319
artifacts/pint-wars/modules/pint-wars-memories/ios/Frameworks/libavcodec.xcframework/ios-arm64/libavcodec.framework/Headers/cbs_av1.h,Vendored framework,15011
artifacts/pint-wars/modules/pint-wars-memories/ios/Frameworks/libavcodec.xcframework/ios-arm64/libavcodec.framework/Headers/cbs_bsf.h,Vendored framework,5368
artifacts/pint-wars/modules/pint-wars-memories/ios/Frameworks/libavcodec.xcframework/ios-arm64/libavcodec.framework/Headers/cbs_h264.h,Vendored framework,13674
artifacts/pint-wars/modules/pint-wars-memories/ios/Frameworks/libavcodec.xcframework/ios-arm64/libavcodec.framework/Headers/cbs_h2645.h,Vendored framework,3237
artifacts/pint-wars/modules/pint-wars-memories/ios/Frameworks/libavcodec.xcframework/ios-arm64/libavcodec.framework/Headers/cbs_h265.h,Vendored framework,26846
artifacts/pint-wars/modules/pint-wars-memories/ios/Frameworks/libavcodec.xcframework/ios-arm64/libavcodec.framework/Headers/cbs_h266.h,Vendored framework,32759
artifacts/pint-wars/modules/pint-wars-memories/ios/Frameworks/libavcodec.xcframework/ios-arm64/libavcodec.framework/Headers/cbs_internal.h,Vendored framework,15141
artifacts/pint-wars/modules/pint-wars-memories/ios/Frameworks/libavcodec.xcframework/ios-arm64/libavcodec.framework/Headers/cbs_jpeg.h,Vendored framework,2965
artifacts/pint-wars/modules/pint-wars-memories/ios/Frameworks/libavcodec.xcframework/ios-arm64/libavcodec.framework/Headers/cbs_lcevc.h,Vendored framework,10968
artifacts/pint-wars/modules/pint-wars-memories/ios/Frameworks/libavcodec.xcframework/ios-arm64/libavcodec.framework/Headers/cbs_mpeg2.h,Vendored framework,6903
artifacts/pint-wars/modules/pint-wars-memories/ios/Frameworks/libavcodec.xcframework/ios-arm64/libavcodec.framework/Headers/cbs_sei.h,Vendored framework,10224
artifacts/pint-wars/modules/pint-wars-memories/ios/Frameworks/libavcodec.xcframework/ios-arm64/libavcodec.framework/Headers/cbs_vp8.h,Vendored framework,3408
artifacts/pint-wars/modules/pint-wars-memories/ios/Frameworks/libavcodec.xcframework/ios-arm64/libavcodec.framework/Headers/cbs_vp9.h,Vendored framework,5782
artifacts/pint-wars/modules/pint-wars-memories/ios/Frameworks/libavcodec.xcframework/ios-arm64/libavcodec.framework/Headers/celp_filters.h,Vendored framework,6513
artifacts/pint-wars/modules/pint-wars-memories/ios/Frameworks/libavcodec.xcframework/ios-arm64/libavcodec.framework/Headers/celp_math.h,Vendored framework,2482
artifacts/pint-wars/modules/pint-wars-memories/ios/Frameworks/libavcodec.xcframework/ios-arm64/libavcodec.framework/Headers/cfhd.h,Vendored framework,4615
artifacts/pint-wars/modules/pint-wars-memories/ios/Frameworks/libavcodec.xcframework/ios-arm64/libavcodec.framework/Headers/cfhddsp.h,Vendored framework,1709
artifacts/pint-wars/modules/pint-wars-memories/ios/Frameworks/libavcodec.xcframework/ios-arm64/libavcodec.framework/Headers/cfhdencdsp.h,Vendored framework,1534
artifacts/pint-wars/modules/pint-wars-memories/ios/Frameworks/libavcodec.xcframework/ios-arm64/libavcodec.framework/Headers/cga_data.h,Vendored framework,1527
artifacts/pint-wars/modules/pint-wars-memories/ios/Frameworks/libavcodec.xcframework/ios-arm64/libavcodec.framework/Headers/clearvideodata.h,Vendored framework,47506
artifacts/pint-wars/modules/pint-wars-memories/ios/Frameworks/libavcodec.xcframework/ios-arm64/libavcodec.framework/Headers/codec.h,Vendored framework,11788
artifacts/pint-wars/modules/pint-wars-memories/ios/Frameworks/libavcodec.xcframework/ios-arm64/libavcodec.framework/Headers/codec2utils.h,Vendored framework,3040
artifacts/pint-wars/modules/pint-wars-memories/ios/Frameworks/libavcodec.xcframework/ios-arm64/libavcodec.framework/Headers/codec_desc.h,Vendored framework,4264
artifacts/pint-wars/modules/pint-wars-memories/ios/Frameworks/libavcodec.xcframework/ios-arm64/libavcodec.framework/Headers/codec_id.h,Vendored framework,18573
artifacts/pint-wars/modules/pint-wars-memories/ios/Frameworks/libavcodec.xcframework/ios-arm64/libavcodec.framework/Headers/codec_internal.h,Vendored framework,15026
artifacts/pint-wars/modules/pint-wars-memories/ios/Frameworks/libavcodec.xcframework/ios-arm64/libavcodec.framework/Headers/codec_par.h,Vendored framework,8400
artifacts/pint-wars/modules/pint-wars-memories/ios/Frameworks/libavcodec.xcframework/ios-arm64/libavcodec.framework/Headers/cookdata.h,Vendored framework,16963
artifacts/pint-wars/modules/pint-wars-memories/ios/Frameworks/libavcodec.xcframework/ios-arm64/libavcodec.framework/Headers/copy_block.h,Vendored framework,2489
artifacts/pint-wars/modules/pint-wars-memories/ios/Frameworks/libavcodec.xcframework/ios-arm64/libavcodec.framework/Headers/d3d11va.h,Vendored framework,2610
artifacts/pint-wars/modules/pint-wars-memories/ios/Frameworks/libavcodec.xcframework/ios-arm64/libavcodec.framework/Headers/d3d12va_decode.h,Vendored framework,5521
artifacts/pint-wars/modules/pint-wars-memories/ios/Frameworks/libavcodec.xcframework/ios-arm64/libavcodec.framework/Headers/d3d12va_encode.h,Vendored framework,12307
artifacts/pint-wars/modules/pint-wars-memories/ios/Frameworks/libavcodec.xcframework/ios-arm64/libavcodec.framework/Headers/dca.h,Vendored framework,8833
artifacts/pint-wars/modules/pint-wars-memories/ios/Frameworks/libavcodec.xcframework/ios-arm64/libavcodec.framework/Headers/dca_core.h,Vendored framework,11254
artifacts/pint-wars/modules/pint-wars-memories/ios/Frameworks/libavcodec.xcframework/ios-arm64/libavcodec.framework/Headers/dca_exss.h,Vendored framework,4061
artifacts/pint-wars/modules/pint-wars-memories/ios/Frameworks/libavcodec.xcframework/ios-arm64/libavcodec.framework/Headers/dca_lbr.h,Vendored framework,5966
artifacts/pint-wars/modules/pint-wars-memories/ios/Frameworks/libavcodec.xcframework/ios-arm64/libavcodec.framework/Headers/dca_sample_rate_tab.h,Vendored framework,1190
artifacts/pint-wars/modules/pint-wars-memories/ios/Frameworks/libavcodec.xcframework/ios-arm64/libavcodec.framework/Headers/dca_syncwords.h,Vendored framework,1723
artifacts/pint-wars/modules/pint-wars-memories/ios/Frameworks/libavcodec.xcframework/ios-arm64/libavcodec.framework/Headers/dca_xll.h,Vendored framework,7531
artifacts/pint-wars/modules/pint-wars-memories/ios/Frameworks/libavcodec.xcframework/ios-arm64/libavcodec.framework/Headers/dcaadpcm.h,Vendored framework,1876
artifacts/pint-wars/modules/pint-wars-memories/ios/Frameworks/libavcodec.xcframework/ios-arm64/libavcodec.framework/Headers/dcadata.h,Vendored framework,3969
artifacts/pint-wars/modules/pint-wars-memories/ios/Frameworks/libavcodec.xcframework/ios-arm64/libavcodec.framework/Headers/dcadct.h,Vendored framework,1071
artifacts/pint-wars/modules/pint-wars-memories/ios/Frameworks/libavcodec.xcframework/ios-arm64/libavcodec.framework/Headers/dcadec.h,Vendored framework,3344
artifacts/pint-wars/modules/pint-wars-memories/ios/Frameworks/libavcodec.xcframework/ios-arm64/libavcodec.framework/Headers/dcadsp.h,Vendored framework,4111
artifacts/pint-wars/modules/pint-wars-memories/ios/Frameworks/libavcodec.xcframework/ios-arm64/libavcodec.framework/Headers/dcaenc.h,Vendored framework,6739
artifacts/pint-wars/modules/pint-wars-memories/ios/Frameworks/libavcodec.xcframework/ios-arm64/libavcodec.framework/Headers/dcahuff.h,Vendored framework,2432
artifacts/pint-wars/modules/pint-wars-memories/ios/Frameworks/libavcodec.xcframework/ios-arm64/libavcodec.framework/Headers/dcamath.h,Vendored framework,2152
artifacts/pint-wars/modules/pint-wars-memories/ios/Frameworks/libavcodec.xcframework/ios-arm64/libavcodec.framework/Headers/dct.h,Vendored framework,1354
artifacts/pint-wars/modules/pint-wars-memories/ios/Frameworks/libavcodec.xcframework/ios-arm64/libavcodec.framework/Headers/dct32.h,Vendored framework,941
artifacts/pint-wars/modules/pint-wars-memories/ios/Frameworks/libavcodec.xcframework/ios-arm64/libavcodec.framework/Headers/dctref.h,Vendored framework,1035
artifacts/pint-wars/modules/pint-wars-memories/ios/Frameworks/libavcodec.xcframework/ios-arm64/libavcodec.framework/Headers/decode.h,Vendored framework,9179
artifacts/pint-wars/modules/pint-wars-memories/ios/Frameworks/libavcodec.xcframework/ios-arm64/libavcodec.framework/Headers/decode_bsf.h,Vendored framework,1559
artifacts/pint-wars/modules/pint-wars-memories/ios/Frameworks/libavcodec.xcframework/ios-arm64/libavcodec.framework/Headers/defs.h,Vendored framework,13333
artifacts/pint-wars/modules/pint-wars-memories/ios/Frameworks/libavcodec.xcframework/ios-arm64/libavcodec.framework/Headers/dirac.h,Vendored framework,4126
artifacts/pint-wars/modules/pint-wars-memories/ios/Frameworks/libavcodec.xcframework/ios-arm64/libavcodec.framework/Headers/dirac_arith.h,Vendored framework,5216
artifacts/pint-wars/modules/pint-wars-memories/ios/Frameworks/libavcodec.xcframework/ios-arm64/libavcodec.framework/Headers/dirac_dwt.h,Vendored framework,4466
artifacts/pint-wars/modules/pint-wars-memories/ios/Frameworks/libavcodec.xcframework/ios-arm64/libavcodec.framework/Headers/dirac_vlc.h,Vendored framework,1118
artifacts/pint-wars/modules/pint-wars-memories/ios/Frameworks/libavcodec.xcframework/ios-arm64/libavcodec.framework/Headers/diracdsp.h,Vendored framework,3576
artifacts/pint-wars/modules/pint-wars-memories/ios/Frameworks/libavcodec.xcframework/ios-arm64/libavcodec.framework/Headers/diractab.h,Vendored framework,1629
artifacts/pint-wars/modules/pint-wars-memories/ios/Frameworks/libavcodec.xcframework/ios-arm64/libavcodec.framework/Headers/dnxhddata.h,Vendored framework,3106
artifacts/pint-wars/modules/pint-wars-memories/ios/Frameworks/libavcodec.xcframework/ios-arm64/libavcodec.framework/Headers/dnxhdenc.h,Vendored framework,3181
artifacts/pint-wars/modules/pint-wars-memories/ios/Frameworks/libavcodec.xcframework/ios-arm64/libavcodec.framework/Headers/dolby_e.h,Vendored framework,2836
artifacts/pint-wars/modules/pint-wars-memories/ios/Frameworks/libavcodec.xcframework/ios-arm64/libavcodec.framework/Headers/dovi_rpu.h,Vendored framework,6851
artifacts/pint-wars/modules/pint-wars-memories/ios/Frameworks/libavcodec.xcframework/ios-arm64/libavcodec.framework/Headers/dpx.h,Vendored framework,2175
artifacts/pint-wars/modules/pint-wars-memories/ios/Frameworks/libavcodec.xcframework/ios-arm64/libavcodec.framework/Headers/dsd.h,Vendored framework,1679
artifacts/pint-wars/modules/pint-wars-memories/ios/Frameworks/libavcodec.xcframework/ios-arm64/libavcodec.framework/Headers/dv.h,Vendored framework,2169
artifacts/pint-wars/modules/pint-wars-memories/ios/Frameworks/libavcodec.xcframework/ios-arm64/libavcodec.framework/Headers/dv_internal.h,Vendored framework,2050
artifacts/pint-wars/modules/pint-wars-memories/ios/Frameworks/libavcodec.xcframework/ios-arm64/libavcodec.framework/Headers/dv_profile.h,Vendored framework,3694
artifacts/pint-wars/modules/pint-wars-memories/ios/Frameworks/libavcodec.xcframework/ios-arm64/libavcodec.framework/Headers/dv_profile_internal.h,Vendored framework,1299
artifacts/pint-wars/modules/pint-wars-memories/ios/Frameworks/libavcodec.xcframework/ios-arm64/libavcodec.framework/Headers/dv_tablegen.h,Vendored framework,3506
artifacts/pint-wars/modules/pint-wars-memories/ios/Frameworks/libavcodec.xcframework/ios-arm64/libavcodec.framework/Headers/dvaudio.h,Vendored framework,1261
artifacts/pint-wars/modules/pint-wars-memories/ios/Frameworks/libavcodec.xcframework/ios-arm64/libavcodec.framework/Headers/dvbtxt.h,Vendored framework,1478
artifacts/pint-wars/modules/pint-wars-memories/ios/Frameworks/libavcodec.xcframework/ios-arm64/libavcodec.framework/Headers/dvdata.h,Vendored framework,1276
artifacts/pint-wars/modules/pint-wars-memories/ios/Frameworks/libavcodec.xcframework/ios-arm64/libavcodec.framework/Headers/dvdsub.h,Vendored framework,931
artifacts/pint-wars/modules/pint-wars-memories/ios/Frameworks/libavcodec.xcframework/ios-arm64/libavcodec.framework/Headers/dxv.h,Vendored framework,1187
artifacts/pint-wars/modules/pint-wars-memories/ios/Frameworks/libavcodec.xcframework/ios-arm64/libavcodec.framework/Headers/dxva2.h,Vendored framework,2128
artifacts/pint-wars/modules/pint-wars-memories/ios/Frameworks/libavcodec.xcframework/ios-arm64/libavcodec.framework/Headers/dxva2_internal.h,Vendored framework,8084
artifacts/pint-wars/modules/pint-wars-memories/ios/Frameworks/libavcodec.xcframework/ios-arm64/libavcodec.framework/Headers/dynamic_hdr_vivid.h,Vendored framework,1419
artifacts/pint-wars/modules/pint-wars-memories/ios/Frameworks/libavcodec.xcframework/ios-arm64/libavcodec.framework/Headers/eac3_data.h,Vendored framework,1322
artifacts/pint-wars/modules/pint-wars-memories/ios/Frameworks/libavcodec.xcframework/ios-arm64/libavcodec.framework/Headers/eac3enc.h,Vendored framework,1336
artifacts/pint-wars/modules/pint-wars-memories/ios/Frameworks/libavcodec.xcframework/ios-arm64/libavcodec.framework/Headers/eaidct.h,Vendored framework,960
artifacts/pint-wars/modules/pint-wars-memories/ios/Frameworks/libavcodec.xcframework/ios-arm64/libavcodec.framework/Headers/elbg.h,Vendored framework,2339
artifacts/pint-wars/modules/pint-wars-memories/ios/Frameworks/libavcodec.xcframework/ios-arm64/libavcodec.framework/Headers/elsdec.h,Vendored framework,1765
artifacts/pint-wars/modules/pint-wars-memories/ios/Frameworks/libavcodec.xcframework/ios-arm64/libavcodec.framework/Headers/encode.h,Vendored framework,4447
artifacts/pint-wars/modules/pint-wars-memories/ios/Frameworks/libavcodec.xcframework/ios-arm64/libavcodec.framework/Headers/error_resilience.h,Vendored framework,3336
artifacts/pint-wars/modules/pint-wars-memories/ios/Frameworks/libavcodec.xcframework/ios-arm64/libavcodec.framework/Headers/evc.h,Vendored framework,5113
artifacts/pint-wars/modules/pint-wars-memories/ios/Frameworks/libavcodec.xcframework/ios-arm64/libavcodec.framework/Headers/evc_parse.h,Vendored framework,4754
artifacts/pint-wars/modules/pint-wars-memories/ios/Frameworks/libavcodec.xcframework/ios-arm64/libavcodec.framework/Headers/evc_ps.h,Vendored framework,10484
artifacts/pint-wars/modules/pint-wars-memories/ios/Frameworks/libavcodec.xcframework/ios-arm64/libavcodec.framework/Headers/evrcdata.h,Vendored framework,78242
artifacts/pint-wars/modules/pint-wars-memories/ios/Frameworks/libavcodec.xcframework/ios-arm64/libavcodec.framework/Headers/executor.h,Vendored framework,2154
artifacts/pint-wars/modules/pint-wars-memories/ios/Frameworks/libavcodec.xcframework/ios-arm64/libavcodec.framework/Headers/exif.h,Vendored framework,8430
artifacts/pint-wars/modules/pint-wars-memories/ios/Frameworks/libavcodec.xcframework/ios-arm64/libavcodec.framework/Headers/exif_internal.h,Vendored framework,3684
artifacts/pint-wars/modules/pint-wars-memories/ios/Frameworks/libavcodec.xcframework/ios-arm64/libavcodec.framework/Headers/exrdsp.h,Vendored framework,1194
artifacts/pint-wars/modules/pint-wars-memories/ios/Frameworks/libavcodec.xcframework/ios-arm64/libavcodec.framework/Headers/faandct.h,Vendored framework,1135
artifacts/pint-wars/modules/pint-wars-memories/ios/Frameworks/libavcodec.xcframework/ios-arm64/libavcodec.framework/Headers/faanidct.h,Vendored framework,1175
artifacts/pint-wars/modules/pint-wars-memories/ios/Frameworks/libavcodec.xcframework/ios-arm64/libavcodec.framework/Headers/faxcompr.h,Vendored framework,1421
artifacts/pint-wars/modules/pint-wars-memories/ios/Frameworks/libavcodec.xcframework/ios-arm64/libavcodec.framework/Headers/fdctdsp.h,Vendored framework,1835
artifacts/pint-wars/modules/pint-wars-memories/ios/Frameworks/libavcodec.xcframework/ios-arm64/libavcodec.framework/Headers/ffjni.h,Vendored framework,4931
artifacts/pint-wars/modules/pint-wars-memories/ios/Frameworks/libavcodec.xcframework/ios-arm64/libavcodec.framework/Headers/fflcms2.h,Vendored framework,3159
artifacts/pint-wars/modules/pint-wars-memories/ios/Frameworks/libavcodec.xcframework/ios-arm64/libavcodec.framework/Headers/ffv1.h,Vendored framework,7810
artifacts/pint-wars/modules/pint-wars-memories/ios/Frameworks/libavcodec.xcframework/ios-arm64/libavcodec.framework/Headers/ffv1_vulkan.h,Vendored framework,1643
artifacts/pint-wars/modules/pint-wars-memories/ios/Frameworks/libavcodec.xcframework/ios-arm64/libavcodec.framework/Headers/ffv1enc.h,Vendored framework,1414
artifacts/pint-wars/modules/pint-wars-memories/ios/Frameworks/libavcodec.xcframework/ios-arm64/libavcodec.framework/Headers/fits.h,Vendored framework,2327
artifacts/pint-wars/modules/pint-wars-memories/ios/Frameworks/libavcodec.xcframework/ios-arm64/libavcodec.framework/Headers/flac.h,Vendored framework,2239
artifacts/pint-wars/modules/pint-wars-memories/ios/Frameworks/libavcodec.xcframework/ios-arm64/libavcodec.framework/Headers/flac_parse.h,Vendored framework,3753
artifacts/pint-wars/modules/pint-wars-memories/ios/Frameworks/libavcodec.xcframework/ios-arm64/libavcodec.framework/Headers/flacdata.h,Vendored framework,1034
artifacts/pint-wars/modules/pint-wars-memories/ios/Frameworks/libavcodec.xcframework/ios-arm64/libavcodec.framework/Headers/flacdsp.h,Vendored framework,1932
artifacts/pint-wars/modules/pint-wars-memories/ios/Frameworks/libavcodec.xcframework/ios-arm64/libavcodec.framework/Headers/flacencdsp.h,Vendored framework,1313
artifacts/pint-wars/modules/pint-wars-memories/ios/Frameworks/libavcodec.xcframework/ios-arm64/libavcodec.framework/Headers/flvdec.h,Vendored framework,962
artifacts/pint-wars/modules/pint-wars-memories/ios/Frameworks/libavcodec.xcframework/ios-arm64/libavcodec.framework/Headers/flvenc.h,Vendored framework,984
artifacts/pint-wars/modules/pint-wars-memories/ios/Frameworks/libavcodec.xcframework/ios-arm64/libavcodec.framework/Headers/fmtconvert.h,Vendored framework,2703
artifacts/pint-wars/modules/pint-wars-memories/ios/Frameworks/libavcodec.xcframework/ios-arm64/libavcodec.framework/Headers/frame_thread_encoder.h,Vendored framework,1320
artifacts/pint-wars/modules/pint-wars-memories/ios/Frameworks/libavcodec.xcframework/ios-arm64/libavcodec.framework/Headers/g722.h,Vendored framework,2965
artifacts/pint-wars/modules/pint-wars-memories/ios/Frameworks/libavcodec.xcframework/ios-arm64/libavcodec.framework/Headers/g722dsp.h,Vendored framework,1224
artifacts/pint-wars/modules/pint-wars-memories/ios/Frameworks/libavcodec.xcframework/ios-arm64/libavcodec.framework/Headers/g723_1.h,Vendored framework,7048
artifacts/pint-wars/modules/pint-wars-memories/ios/Frameworks/libavcodec.xcframework/ios-arm64/libavcodec.framework/Headers/g728data.h,Vendored framework,3123
artifacts/pint-wars/modules/pint-wars-memories/ios/Frameworks/libavcodec.xcframework/ios-arm64/libavcodec.framework/Headers/g729.h,Vendored framework,1053
artifacts/pint-wars/modules/pint-wars-memories/ios/Frameworks/libavcodec.xcframework/ios-arm64/libavcodec.framework/Headers/g729data.h,Vendored framework,19490
artifacts/pint-wars/modules/pint-wars-memories/ios/Frameworks/libavcodec.xcframework/ios-arm64/libavcodec.framework/Headers/g729postfilter.h,Vendored framework,3914
artifacts/pint-wars/modules/pint-wars-memories/ios/Frameworks/libavcodec.xcframework/ios-arm64/libavcodec.framework/Headers/get_bits.h,Vendored framework,22092
artifacts/pint-wars/modules/pint-wars-memories/ios/Frameworks/libavcodec.xcframework/ios-arm64/libavcodec.framework/Headers/gif.h,Vendored framework,1664
artifacts/pint-wars/modules/pint-wars-memories/ios/Frameworks/libavcodec.xcframework/ios-arm64/libavcodec.framework/Headers/golomb.h,Vendored framework,15623
artifacts/pint-wars/modules/pint-wars-memories/ios/Frameworks/libavcodec.xcframework/ios-arm64/libavcodec.framework/Headers/gsm.h,Vendored framework,1199
artifacts/pint-wars/modules/pint-wars-memories/ios/Frameworks/libavcodec.xcframework/ios-arm64/libavcodec.framework/Headers/gsmdec_data.h,Vendored framework,1504
artifacts/pint-wars/modules/pint-wars-memories/ios/Frameworks/libavcodec.xcframework/ios-arm64/libavcodec.framework/Headers/h261.h,Vendored framework,1645
artifacts/pint-wars/modules/pint-wars-memories/ios/Frameworks/libavcodec.xcframework/ios-arm64/libavcodec.framework/Headers/h261enc.h,Vendored framework,1086
artifacts/pint-wars/modules/pint-wars-memories/ios/Frameworks/libavcodec.xcframework/ios-arm64/libavcodec.framework/Headers/h263.h,Vendored framework,1826
artifacts/pint-wars/modules/pint-wars-memories/ios/Frameworks/libavcodec.xcframework/ios-arm64/libavcodec.framework/Headers/h263data.h,Vendored framework,2485
artifacts/pint-wars/modules/pint-wars-memories/ios/Frameworks/libavcodec.xcframework/ios-arm64/libavcodec.framework/Headers/h263dec.h,Vendored framework,4332
artifacts/pint-wars/modules/pint-wars-memories/ios/Frameworks/libavcodec.xcframework/ios-arm64/libavcodec.framework/Headers/h263dsp.h,Vendored framework,1304
artifacts/pint-wars/modules/pint-wars-memories/ios/Frameworks/libavcodec.xcframework/ios-arm64/libavcodec.framework/Headers/h263enc.h,Vendored framework,3484
artifacts/pint-wars/modules/pint-wars-memories/ios/Frameworks/libavcodec.xcframework/ios-arm64/libavcodec.framework/Headers/h264.h,Vendored framework,3965
artifacts/pint-wars/modules/pint-wars-memories/ios/Frameworks/libavcodec.xcframework/ios-arm64/libavcodec.framework/Headers/h2645_parse.h,Vendored framework,4399
artifacts/pint-wars/modules/pint-wars-memories/ios/Frameworks/libavcodec.xcframework/ios-arm64/libavcodec.framework/Headers/h2645_sei.h,Vendored framework,5520
artifacts/pint-wars/modules/pint-wars-memories/ios/Frameworks/libavcodec.xcframework/ios-arm64/libavcodec.framework/Headers/h2645_vui.h,Vendored framework,1676
artifacts/pint-wars/modules/pint-wars-memories/ios/Frameworks/libavcodec.xcframework/ios-arm64/libavcodec.framework/Headers/h2645data.h,Vendored framework,939
artifacts/pint-wars/modules/pint-wars-memories/ios/Frameworks/libavcodec.xcframework/ios-arm64/libavcodec.framework/Headers/h264_levels.h,Vendored framework,1769
artifacts/pint-wars/modules/pint-wars-memories/ios/Frameworks/libavcodec.xcframework/ios-arm64/libavcodec.framework/Headers/h264_mvpred.h,Vendored framework,40580
artifacts/pint-wars/modules/pint-wars-memories/ios/Frameworks/libavcodec.xcframework/ios-arm64/libavcodec.framework/Headers/h264_parse.h,Vendored framework,4820
artifacts/pint-wars/modules/pint-wars-memories/ios/Frameworks/libavcodec.xcframework/ios-arm64/libavcodec.framework/Headers/h264_ps.h,Vendored framework,6550
artifacts/pint-wars/modules/pint-wars-memories/ios/Frameworks/libavcodec.xcframework/ios-arm64/libavcodec.framework/Headers/h264_sei.h,Vendored framework,4689
artifacts/pint-wars/modules/pint-wars-memories/ios/Frameworks/libavcodec.xcframework/ios-arm64/libavcodec.framework/Headers/h264chroma.h,Vendored framework,2139
artifacts/pint-wars/modules/pint-wars-memories/ios/Frameworks/libavcodec.xcframework/ios-arm64/libavcodec.framework/Headers/h264data.h,Vendored framework,1968
artifacts/pint-wars/modules/pint-wars-memories/ios/Frameworks/libavcodec.xcframework/ios-arm64/libavcodec.framework/Headers/h264dec.h,Vendored framework,20972
artifacts/pint-wars/modules/pint-wars-memories/ios/Frameworks/libavcodec.xcframework/ios-arm64/libavcodec.framework/Headers/h264dsp.h,Vendored framework,6887
artifacts/pint-wars/modules/pint-wars-memories/ios/Frameworks/libavcodec.xcframework/ios-arm64/libavcodec.framework/Headers/h264idct.h,Vendored framework,2320
artifacts/pint-wars/modules/pint-wars-memories/ios/Frameworks/libavcodec.xcframework/ios-arm64/libavcodec.framework/Headers/h264pred.h,Vendored framework,4935
artifacts/pint-wars/modules/pint-wars-memories/ios/Frameworks/libavcodec.xcframework/ios-arm64/libavcodec.framework/Headers/h264qpel.h,Vendored framework,1654
artifacts/pint-wars/modules/pint-wars-memories/ios/Frameworks/libavcodec.xcframework/ios-arm64/libavcodec.framework/Headers/h265_profile_level.h,Vendored framework,2738
artifacts/pint-wars/modules/pint-wars-memories/ios/Frameworks/libavcodec.xcframework/ios-arm64/libavcodec.framework/Headers/h274.h,Vendored framework,2738
artifacts/pint-wars/modules/pint-wars-memories/ios/Frameworks/libavcodec.xcframework/ios-arm64/libavcodec.framework/Headers/hap.h,Vendored framework,3323
artifacts/pint-wars/modules/pint-wars-memories/ios/Frameworks/libavcodec.xcframework/ios-arm64/libavcodec.framework/Headers/hashtable.h,Vendored framework,2923
artifacts/pint-wars/modules/pint-wars-memories/ios/Frameworks/libavcodec.xcframework/ios-arm64/libavcodec.framework/Headers/hca_data.h,Vendored framework,9791
artifacts/pint-wars/modules/pint-wars-memories/ios/Frameworks/libavcodec.xcframework/ios-arm64/libavcodec.framework/Headers/hevc/data.h,Vendored framework,1102
artifacts/pint-wars/modules/pint-wars-memories/ios/Frameworks/libavcodec.xcframework/ios-arm64/libavcodec.framework/Headers/hevc/dsp.h,Vendored framework,7787
artifacts/pint-wars/modules/pint-wars-memories/ios/Frameworks/libavcodec.xcframework/ios-arm64/libavcodec.framework/Headers/hevc/hevc.h,Vendored framework,6222
artifacts/pint-wars/modules/pint-wars-memories/ios/Frameworks/libavcodec.xcframework/ios-arm64/libavcodec.framework/Headers/hevc/hevcdec.h,Vendored framework,21885
artifacts/pint-wars/modules/pint-wars-memories/ios/Frameworks/libavcodec.xcframework/ios-arm64/libavcodec.framework/Headers/hevc/parse.h,Vendored framework,1198
artifacts/pint-wars/modules/pint-wars-memories/ios/Frameworks/libavcodec.xcframework/ios-arm64/libavcodec.framework/Headers/hevc/pred.h,Vendored framework,3405
artifacts/pint-wars/modules/pint-wars-memories/ios/Frameworks/libavcodec.xcframework/ios-arm64/libavcodec.framework/Headers/hevc/ps.h,Vendored framework,18031
artifacts/pint-wars/modules/pint-wars-memories/ios/Frameworks/libavcodec.xcframework/ios-arm64/libavcodec.framework/Headers/hevc/sei.h,Vendored framework,3882
artifacts/pint-wars/modules/pint-wars-memories/ios/Frameworks/libavcodec.xcframework/ios-arm64/libavcodec.framework/Headers/hpeldsp.h,Vendored framework,4096
artifacts/pint-wars/modules/pint-wars-memories/ios/Frameworks/libavcodec.xcframework/ios-arm64/libavcodec.framework/Headers/hq_common.h,Vendored framework,1001
artifacts/pint-wars/modules/pint-wars-memories/ios/Frameworks/libavcodec.xcframework/ios-arm64/libavcodec.framework/Headers/hq_hqadata.h,Vendored framework,522422
artifacts/pint-wars/modules/pint-wars-memories/ios/Frameworks/libavcodec.xcframework/ios-arm64/libavcodec.framework/Headers/hq_hqadsp.h,Vendored framework,1180
artifacts/pint-wars/modules/pint-wars-memories/ios/Frameworks/libavcodec.xcframework/ios-arm64/libavcodec.framework/Headers/hqxdsp.h,Vendored framework,1150
artifacts/pint-wars/modules/pint-wars-memories/ios/Frameworks/libavcodec.xcframework/ios-arm64/libavcodec.framework/Headers/hqxvlc.h,Vendored framework,103806
artifacts/pint-wars/modules/pint-wars-memories/ios/Frameworks/libavcodec.xcframework/ios-arm64/libavcodec.framework/Headers/htmlsubtitles.h,Vendored framework,1031
artifacts/pint-wars/modules/pint-wars-memories/ios/Frameworks/libavcodec.xcframework/ios-arm64/libavcodec.framework/Headers/huffman.h,Vendored framework,1452
artifacts/pint-wars/modules/pint-wars-memories/ios/Frameworks/libavcodec.xcframework/ios-arm64/libavcodec.framework/Headers/huffyuv.h,Vendored framework,1460
artifacts/pint-wars/modules/pint-wars-memories/ios/Frameworks/libavcodec.xcframework/ios-arm64/libavcodec.framework/Headers/huffyuvdsp.h,Vendored framework,1834
artifacts/pint-wars/modules/pint-wars-memories/ios/Frameworks/libavcodec.xcframework/ios-arm64/libavcodec.framework/Headers/huffyuvencdsp.h,Vendored framework,1545
artifacts/pint-wars/modules/pint-wars-memories/ios/Frameworks/libavcodec.xcframework/ios-arm64/libavcodec.framework/Headers/hw_base_encode.h,Vendored framework,9263
artifacts/pint-wars/modules/pint-wars-memories/ios/Frameworks/libavcodec.xcframework/ios-arm64/libavcodec.framework/Headers/hw_base_encode_h264.h,Vendored framework,1674
artifacts/pint-wars/modules/pint-wars-memories/ios/Frameworks/libavcodec.xcframework/ios-arm64/libavcodec.framework/Headers/hw_base_encode_h265.h,Vendored framework,1725
artifacts/pint-wars/modules/pint-wars-memories/ios/Frameworks/libavcodec.xcframework/ios-arm64/libavcodec.framework/Headers/hwaccel_internal.h,Vendored framework,5955
artifacts/pint-wars/modules/pint-wars-memories/ios/Frameworks/libavcodec.xcframework/ios-arm64/libavcodec.framework/Headers/hwaccels.h,Vendored framework,5170
artifacts/pint-wars/modules/pint-wars-memories/ios/Frameworks/libavcodec.xcframework/ios-arm64/libavcodec.framework/Headers/hwconfig.h,Vendored framework,4207
artifacts/pint-wars/modules/pint-wars-memories/ios/Frameworks/libavcodec.xcframework/ios-arm64/libavcodec.framework/Headers/idctdsp.h,Vendored framework,4890
artifacts/pint-wars/modules/pint-wars-memories/ios/Frameworks/libavcodec.xcframework/ios-arm64/libavcodec.framework/Headers/ilbcdata.h,Vendored framework,12823
artifacts/pint-wars/modules/pint-wars-memories/ios/Frameworks/libavcodec.xcframework/ios-arm64/libavcodec.framework/Headers/imcdata.h,Vendored framework,8364
artifacts/pint-wars/modules/pint-wars-memories/ios/Frameworks/libavcodec.xcframework/ios-arm64/libavcodec.framework/Headers/indeo2data.h,Vendored framework,10114
artifacts/pint-wars/modules/pint-wars-memories/ios/Frameworks/libavcodec.xcframework/ios-arm64/libavcodec.framework/Headers/indeo3data.h,Vendored framework,18633
artifacts/pint-wars/modules/pint-wars-memories/ios/Frameworks/libavcodec.xcframework/ios-arm64/libavcodec.framework/Headers/indeo4data.h,Vendored framework,11947
artifacts/pint-wars/modules/pint-wars-memories/ios/Frameworks/libavcodec.xcframework/ios-arm64/libavcodec.framework/Headers/indeo5data.h,Vendored framework,8439
artifacts/pint-wars/modules/pint-wars-memories/ios/Frameworks/libavcodec.xcframework/ios-arm64/libavcodec.framework/Headers/internal.h,Vendored framework,5937
artifacts/pint-wars/modules/pint-wars-memories/ios/Frameworks/libavcodec.xcframework/ios-arm64/libavcodec.framework/Headers/intrax8.h,Vendored framework,3470
artifacts/pint-wars/modules/pint-wars-memories/ios/Frameworks/libavcodec.xcframework/ios-arm64/libavcodec.framework/Headers/intrax8dsp.h,Vendored framework,1514
artifacts/pint-wars/modules/pint-wars-memories/ios/Frameworks/libavcodec.xcframework/ios-arm64/libavcodec.framework/Headers/intrax8huf.h,Vendored framework,51144
artifacts/pint-wars/modules/pint-wars-memories/ios/Frameworks/libavcodec.xcframework/ios-arm64/libavcodec.framework/Headers/itut35.h,Vendored framework,5226
artifacts/pint-wars/modules/pint-wars-memories/ios/Frameworks/libavcodec.xcframework/ios-arm64/libavcodec.framework/Headers/ivi.h,Vendored framework,13541
artifacts/pint-wars/modules/pint-wars-memories/ios/Frameworks/libavcodec.xcframework/ios-arm64/libavcodec.framework/Headers/ivi_dsp.h,Vendored framework,15288
artifacts/pint-wars/modules/pint-wars-memories/ios/Frameworks/libavcodec.xcframework/ios-arm64/libavcodec.framework/Headers/jacosub.h,Vendored framework,1231
artifacts/pint-wars/modules/pint-wars-memories/ios/Frameworks/libavcodec.xcframework/ios-arm64/libavcodec.framework/Headers/jni.h,Vendored framework,2263
artifacts/pint-wars/modules/pint-wars-memories/ios/Frameworks/libavcodec.xcframework/ios-arm64/libavcodec.framework/Headers/jpeg2000.h,Vendored framework,11515
artifacts/pint-wars/modules/pint-wars-memories/ios/Frameworks/libavcodec.xcframework/ios-arm64/libavcodec.framework/Headers/jpeg2000dec.h,Vendored framework,4432
artifacts/pint-wars/modules/pint-wars-memories/ios/Frameworks/libavcodec.xcframework/ios-arm64/libavcodec.framework/Headers/jpeg2000dsp.h,Vendored framework,1385
artifacts/pint-wars/modules/pint-wars-memories/ios/Frameworks/libavcodec.xcframework/ios-arm64/libavcodec.framework/Headers/jpeg2000dwt.h,Vendored framework,2307
artifacts/pint-wars/modules/pint-wars-memories/ios/Frameworks/libavcodec.xcframework/ios-arm64/libavcodec.framework/Headers/jpeg2000htdec.h,Vendored framework,1280
artifacts/pint-wars/modules/pint-wars-memories/ios/Frameworks/libavcodec.xcframework/ios-arm64/libavcodec.framework/Headers/jpegls.h,Vendored framework,3257
artifacts/pint-wars/modules/pint-wars-memories/ios/Frameworks/libavcodec.xcframework/ios-arm64/libavcodec.framework/Headers/jpeglsdec.h,Vendored framework,1203
artifacts/pint-wars/modules/pint-wars-memories/ios/Frameworks/libavcodec.xcframework/ios-arm64/libavcodec.framework/Headers/jpegquanttables.h,Vendored framework,1140
artifacts/pint-wars/modules/pint-wars-memories/ios/Frameworks/libavcodec.xcframework/ios-arm64/libavcodec.framework/Headers/jpegtables.h,Vendored framework,1353
artifacts/pint-wars/modules/pint-wars-memories/ios/Frameworks/libavcodec.xcframework/ios-arm64/libavcodec.framework/Headers/jpegtabs.h,Vendored framework,3831
artifacts/pint-wars/modules/pint-wars-memories/ios/Frameworks/libavcodec.xcframework/ios-arm64/libavcodec.framework/Headers/jpegxl.h,Vendored framework,2542
artifacts/pint-wars/modules/pint-wars-memories/ios/Frameworks/libavcodec.xcframework/ios-arm64/libavcodec.framework/Headers/jpegxl_parse.h,Vendored framework,2357
artifacts/pint-wars/modules/pint-wars-memories/ios/Frameworks/libavcodec.xcframework/ios-arm64/libavcodec.framework/Headers/jpegxs.h,Vendored framework,1551
artifacts/pint-wars/modules/pint-wars-memories/ios/Frameworks/libavcodec.xcframework/ios-arm64/libavcodec.framework/Headers/kbdwin.h,Vendored framework,1284
artifacts/pint-wars/modules/pint-wars-memories/ios/Frameworks/libavcodec.xcframework/ios-arm64/libavcodec.framework/Headers/lagarithrac.h,Vendored framework,3305
artifacts/pint-wars/modules/pint-wars-memories/ios/Frameworks/libavcodec.xcframework/ios-arm64/libavcodec.framework/Headers/lcevc.h,Vendored framework,3071
artifacts/pint-wars/modules/pint-wars-memories/ios/Frameworks/libavcodec.xcframework/ios-arm64/libavcodec.framework/Headers/lcevc_parse.h,Vendored framework,1218
artifacts/pint-wars/modules/pint-wars-memories/ios/Frameworks/libavcodec.xcframework/ios-arm64/libavcodec.framework/Headers/lcevcdec.h,Vendored framework,1776
artifacts/pint-wars/modules/pint-wars-memories/ios/Frameworks/libavcodec.xcframework/ios-arm64/libavcodec.framework/Headers/lcevctab.h,Vendored framework,1113
artifacts/pint-wars/modules/pint-wars-memories/ios/Frameworks/libavcodec.xcframework/ios-arm64/libavcodec.framework/Headers/lcl.h,Vendored framework,1394
artifacts/pint-wars/modules/pint-wars-memories/ios/Frameworks/libavcodec.xcframework/ios-arm64/libavcodec.framework/Headers/leaddata.h,Vendored framework,2483
artifacts/pint-wars/modules/pint-wars-memories/ios/Frameworks/libavcodec.xcframework/ios-arm64/libavcodec.framework/Headers/leb.h,Vendored framework,1913
artifacts/pint-wars/modules/pint-wars-memories/ios/Frameworks/libavcodec.xcframework/ios-arm64/libavcodec.framework/Headers/libaom.h,Vendored framework,1015
artifacts/pint-wars/modules/pint-wars-memories/ios/Frameworks/libavcodec.xcframework/ios-arm64/libavcodec.framework/Headers/libjxl.h,Vendored framework,1548
artifacts/pint-wars/modules/pint-wars-memories/ios/Frameworks/libavcodec.xcframework/ios-arm64/libavcodec.framework/Headers/libopenh264.h,Vendored framework,1478
artifacts/pint-wars/modules/pint-wars-memories/ios/Frameworks/libavcodec.xcframework/ios-arm64/libavcodec.framework/Headers/libopus.h,Vendored framework,967
artifacts/pint-wars/modules/pint-wars-memories/ios/Frameworks/libavcodec.xcframework/ios-arm64/libavcodec.framework/Headers/libvpx.h,Vendored framework,937
artifacts/pint-wars/modules/pint-wars-memories/ios/Frameworks/libavcodec.xcframework/ios-arm64/libavcodec.framework/Headers/libwebpenc_common.h,Vendored framework,2255
artifacts/pint-wars/modules/pint-wars-memories/ios/Frameworks/libavcodec.xcframework/ios-arm64/libavcodec.framework/Headers/loongarch/cabac.h,Vendored framework,13232
artifacts/pint-wars/modules/pint-wars-memories/ios/Frameworks/libavcodec.xcframework/ios-arm64/libavcodec.framework/Headers/loongarch/h264_intrapred_loongarch.h,Vendored framework,1525
artifacts/pint-wars/modules/pint-wars-memories/ios/Frameworks/libavcodec.xcframework/ios-arm64/libavcodec.framework/Headers/loongarch/h264chroma_loongarch.h,Vendored framework,1970
artifacts/pint-wars/modules/pint-wars-memories/ios/Frameworks/libavcodec.xcframework/ios-arm64/libavcodec.framework/Headers/loongarch/h264dsp_loongarch.h,Vendored framework,7746
artifacts/pint-wars/modules/pint-wars-memories/ios/Frameworks/libavcodec.xcframework/ios-arm64/libavcodec.framework/Headers/loongarch/h264qpel_loongarch.h,Vendored framework,17879
artifacts/pint-wars/modules/pint-wars-memories/ios/Frameworks/libavcodec.xcframework/ios-arm64/libavcodec.framework/Headers/loongarch/hevcdsp_lasx.h,Vendored framework,5113
artifacts/pint-wars/modules/pint-wars-memories/ios/Frameworks/libavcodec.xcframework/ios-arm64/libavcodec.framework/Headers/loongarch/hevcdsp_lsx.h,Vendored framework,10773
artifacts/pint-wars/modules/pint-wars-memories/ios/Frameworks/libavcodec.xcframework/ios-arm64/libavcodec.framework/Headers/loongarch/hpeldsp_lasx.h,Vendored framework,2987
artifacts/pint-wars/modules/pint-wars-memories/ios/Frameworks/libavcodec.xcframework/ios-arm64/libavcodec.framework/Headers/loongarch/idctdsp_loongarch.h,Vendored framework,1805
artifacts/pint-wars/modules/pint-wars-memories/ios/Frameworks/libavcodec.xcframework/ios-arm64/libavcodec.framework/Headers/loongarch/vc1dsp_loongarch.h,Vendored framework,3580
artifacts/pint-wars/modules/pint-wars-memories/ios/Frameworks/libavcodec.xcframework/ios-arm64/libavcodec.framework/Headers/loongarch/vp8dsp_loongarch.h,Vendored framework,4716
artifacts/pint-wars/modules/pint-wars-memories/ios/Frameworks/libavcodec.xcframework/ios-arm64/libavcodec.framework/Headers/loongarch/vp9dsp_loongarch.h,Vendored framework,10603
artifacts/pint-wars/modules/pint-wars-memories/ios/Frameworks/libavcodec.xcframework/ios-arm64/libavcodec.framework/Headers/lossless_audiodsp.h,Vendored framework,2015
artifacts/pint-wars/modules/pint-wars-memories/ios/Frameworks/libavcodec.xcframework/ios-arm64/libavcodec.framework/Headers/lossless_videodsp.h,Vendored framework,1870
artifacts/pint-wars/modules/pint-wars-memories/ios/Frameworks/libavcodec.xcframework/ios-arm64/libavcodec.framework/Headers/lossless_videoencdsp.h,Vendored framework,1737
artifacts/pint-wars/modules/pint-wars-memories/ios/Frameworks/libavcodec.xcframework/ios-arm64/libavcodec.framework/Headers/lpc.h,Vendored framework,4161
artifacts/pint-wars/modules/pint-wars-memories/ios/Frameworks/libavcodec.xcframework/ios-arm64/libavcodec.framework/Headers/lpc_functions.h,Vendored framework,2771
artifacts/pint-wars/modules/pint-wars-memories/ios/Frameworks/libavcodec.xcframework/ios-arm64/libavcodec.framework/Headers/lsp.h,Vendored framework,3951
artifacts/pint-wars/modules/pint-wars-memories/ios/Frameworks/libavcodec.xcframework/ios-arm64/libavcodec.framework/Headers/lzf.h,Vendored framework,1184
artifacts/pint-wars/modules/pint-wars-memories/ios/Frameworks/libavcodec.xcframework/ios-arm64/libavcodec.framework/Headers/lzw.h,Vendored framework,1949
artifacts/pint-wars/modules/pint-wars-memories/ios/Frameworks/libavcodec.xcframework/ios-arm64/libavcodec.framework/Headers/mathops.h,Vendored framework,6139
artifacts/pint-wars/modules/pint-wars-memories/ios/Frameworks/libavcodec.xcframework/ios-arm64/libavcodec.framework/Headers/me_cmp.h,Vendored framework,3364
artifacts/pint-wars/modules/pint-wars-memories/ios/Frameworks/libavcodec.xcframework/ios-arm64/libavcodec.framework/Headers/mediacodec.h,Vendored framework,3570
artifacts/pint-wars/modules/pint-wars-memories/ios/Frameworks/libavcodec.xcframework/ios-arm64/libavcodec.framework/Headers/mediacodec_surface.h,Vendored framework,1296
artifacts/pint-wars/modules/pint-wars-memories/ios/Frameworks/libavcodec.xcframework/ios-arm64/libavcodec.framework/Headers/mediacodec_sw_buffer.h,Vendored framework,2934
artifacts/pint-wars/modules/pint-wars-memories/ios/Frameworks/libavcodec.xcframework/ios-arm64/libavcodec.framework/Headers/mediacodec_wrapper.h,Vendored framework,15320
artifacts/pint-wars/modules/pint-wars-memories/ios/Frameworks/libavcodec.xcframework/ios-arm64/libavcodec.framework/Headers/mediacodecdec_common.h,Vendored framework,2946
artifacts/pint-wars/modules/pint-wars-memories/ios/Frameworks/libavcodec.xcframework/ios-arm64/libavcodec.framework/Headers/metasound_data.h,Vendored framework,920659
artifacts/pint-wars/modules/pint-wars-memories/ios/Frameworks/libavcodec.xcframework/ios-arm64/libavcodec.framework/Headers/metasound_twinvq_data.h,Vendored framework,59853
artifacts/pint-wars/modules/pint-wars-memories/ios/Frameworks/libavcodec.xcframework/ios-arm64/libavcodec.framework/Headers/mf_utils.h,Vendored framework,11354
artifacts/pint-wars/modules/pint-wars-memories/ios/Frameworks/libavcodec.xcframework/ios-arm64/libavcodec.framework/Headers/mips/amrwbdec_mips.h,Vendored framework,2827
artifacts/pint-wars/modules/pint-wars-memories/ios/Frameworks/libavcodec.xcframework/ios-arm64/libavcodec.framework/Headers/mips/blockdsp_mips.h,Vendored framework,1549
artifacts/pint-wars/modules/pint-wars-memories/ios/Frameworks/libavcodec.xcframework/ios-arm64/libavcodec.framework/Headers/mips/cabac.h,Vendored framework,11187
artifacts/pint-wars/modules/pint-wars-memories/ios/Frameworks/libavcodec.xcframework/ios-arm64/libavcodec.framework/Headers/mips/compute_antialias_fixed.h,Vendored framework,15445
artifacts/pint-wars/modules/pint-wars-memories/ios/Frameworks/libavcodec.xcframework/ios-arm64/libavcodec.framework/Headers/mips/compute_antialias_float.h,Vendored framework,10444
artifacts/pint-wars/modules/pint-wars-memories/ios/Frameworks/libavcodec.xcframework/ios-arm64/libavcodec.framework/Headers/mips/constants.h,Vendored framework,2897
artifacts/pint-wars/modules/pint-wars-memories/ios/Frameworks/libavcodec.xcframework/ios-arm64/libavcodec.framework/Headers/mips/h263dsp_mips.h,Vendored framework,1639
artifacts/pint-wars/modules/pint-wars-memories/ios/Frameworks/libavcodec.xcframework/ios-arm64/libavcodec.framework/Headers/mips/h264chroma_mips.h,Vendored framework,2301
artifacts/pint-wars/modules/pint-wars-memories/ios/Frameworks/libavcodec.xcframework/ios-arm64/libavcodec.framework/Headers/mips/h264dsp_mips.h,Vendored framework,31580
artifacts/pint-wars/modules/pint-wars-memories/ios/Frameworks/libavcodec.xcframework/ios-arm64/libavcodec.framework/Headers/mips/h264pred_mips.h,Vendored framework,2193
artifacts/pint-wars/modules/pint-wars-memories/ios/Frameworks/libavcodec.xcframework/ios-arm64/libavcodec.framework/Headers/mips/hevc_macros_msa.h,Vendored framework,3553
artifacts/pint-wars/modules/pint-wars-memories/ios/Frameworks/libavcodec.xcframework/ios-arm64/libavcodec.framework/Headers/mips/hevcdsp_mips.h,Vendored framework,18214
artifacts/pint-wars/modules/pint-wars-memories/ios/Frameworks/libavcodec.xcframework/ios-arm64/libavcodec.framework/Headers/mips/hevcpred_mips.h,Vendored framework,3362
artifacts/pint-wars/modules/pint-wars-memories/ios/Frameworks/libavcodec.xcframework/ios-arm64/libavcodec.framework/Headers/mips/hpeldsp_mips.h,Vendored framework,9348
artifacts/pint-wars/modules/pint-wars-memories/ios/Frameworks/libavcodec.xcframework/ios-arm64/libavcodec.framework/Headers/mips/idctdsp_mips.h,Vendored framework,2500
artifacts/pint-wars/modules/pint-wars-memories/ios/Frameworks/libavcodec.xcframework/ios-arm64/libavcodec.framework/Headers/mips/lsp_mips.h,Vendored framework,5113
artifacts/pint-wars/modules/pint-wars-memories/ios/Frameworks/libavcodec.xcframework/ios-arm64/libavcodec.framework/Headers/mips/mathops.h,Vendored framework,1908
artifacts/pint-wars/modules/pint-wars-memories/ios/Frameworks/libavcodec.xcframework/ios-arm64/libavcodec.framework/Headers/mips/me_cmp_mips.h,Vendored framework,3156
artifacts/pint-wars/modules/pint-wars-memories/ios/Frameworks/libavcodec.xcframework/ios-arm64/libavcodec.framework/Headers/mips/mpegvideo_mips.h,Vendored framework,1741
artifacts/pint-wars/modules/pint-wars-memories/ios/Frameworks/libavcodec.xcframework/ios-arm64/libavcodec.framework/Headers/mips/pixblockdsp_mips.h,Vendored framework,1679
artifacts/pint-wars/modules/pint-wars-memories/ios/Frameworks/libavcodec.xcframework/ios-arm64/libavcodec.framework/Headers/mips/qpeldsp_mips.h,Vendored framework,16309
artifacts/pint-wars/modules/pint-wars-memories/ios/Frameworks/libavcodec.xcframework/ios-arm64/libavcodec.framework/Headers/mips/vc1dsp_mips.h,Vendored framework,12396
artifacts/pint-wars/modules/pint-wars-memories/ios/Frameworks/libavcodec.xcframework/ios-arm64/libavcodec.framework/Headers/mips/vp3dsp_mips.h,Vendored framework,2007
artifacts/pint-wars/modules/pint-wars-memories/ios/Frameworks/libavcodec.xcframework/ios-arm64/libavcodec.framework/Headers/mips/vp8dsp_mips.h,Vendored framework,16814
artifacts/pint-wars/modules/pint-wars-memories/ios/Frameworks/libavcodec.xcframework/ios-arm64/libavcodec.framework/Headers/mips/vp9dsp_mips.h,Vendored framework,17070
artifacts/pint-wars/modules/pint-wars-memories/ios/Frameworks/libavcodec.xcframework/ios-arm64/libavcodec.framework/Headers/mips/wmv2dsp_mips.h,Vendored framework,1144
artifacts/pint-wars/modules/pint-wars-memories/ios/Frameworks/libavcodec.xcframework/ios-arm64/libavcodec.framework/Headers/mips/xvididct_mips.h,Vendored framework,1179
artifacts/pint-wars/modules/pint-wars-memories/ios/Frameworks/libavcodec.xcframework/ios-arm64/libavcodec.framework/Headers/mjpeg.h,Vendored framework,4066
artifacts/pint-wars/modules/pint-wars-memories/ios/Frameworks/libavcodec.xcframework/ios-arm64/libavcodec.framework/Headers/mjpegdec.h,Vendored framework,7244
artifacts/pint-wars/modules/pint-wars-memories/ios/Frameworks/libavcodec.xcframework/ios-arm64/libavcodec.framework/Headers/mjpegenc.h,Vendored framework,3735
artifacts/pint-wars/modules/pint-wars-memories/ios/Frameworks/libavcodec.xcframework/ios-arm64/libavcodec.framework/Headers/mjpegenc_common.h,Vendored framework,2231
artifacts/pint-wars/modules/pint-wars-memories/ios/Frameworks/libavcodec.xcframework/ios-arm64/libavcodec.framework/Headers/mjpegenc_huffman.h,Vendored framework,1612
artifacts/pint-wars/modules/pint-wars-memories/ios/Frameworks/libavcodec.xcframework/ios-arm64/libavcodec.framework/Headers/mlp.h,Vendored framework,6749
artifacts/pint-wars/modules/pint-wars-memories/ios/Frameworks/libavcodec.xcframework/ios-arm64/libavcodec.framework/Headers/mlp_parse.h,Vendored framework,5212
artifacts/pint-wars/modules/pint-wars-memories/ios/Frameworks/libavcodec.xcframework/ios-arm64/libavcodec.framework/Headers/mlpdsp.h,Vendored framework,3282
artifacts/pint-wars/modules/pint-wars-memories/ios/Frameworks/libavcodec.xcframework/ios-arm64/libavcodec.framework/Headers/mlz.h,Vendored framework,2006
artifacts/pint-wars/modules/pint-wars-memories/ios/Frameworks/libavcodec.xcframework/ios-arm64/libavcodec.framework/Headers/motion_est.h,Vendored framework,4944
artifacts/pint-wars/modules/pint-wars-memories/ios/Frameworks/libavcodec.xcframework/ios-arm64/libavcodec.framework/Headers/motionpixels_tablegen.h,Vendored framework,2752
artifacts/pint-wars/modules/pint-wars-memories/ios/Frameworks/libavcodec.xcframework/ios-arm64/libavcodec.framework/Headers/mpc.h,Vendored framework,2185
artifacts/pint-wars/modules/pint-wars-memories/ios/Frameworks/libavcodec.xcframework/ios-arm64/libavcodec.framework/Headers/mpc7data.h,Vendored framework,6746
artifacts/pint-wars/modules/pint-wars-memories/ios/Frameworks/libavcodec.xcframework/ios-arm64/libavcodec.framework/Headers/mpc8data.h,Vendored framework,10768
artifacts/pint-wars/modules/pint-wars-memories/ios/Frameworks/libavcodec.xcframework/ios-arm64/libavcodec.framework/Headers/mpc8huff.h,Vendored framework,11329
artifacts/pint-wars/modules/pint-wars-memories/ios/Frameworks/libavcodec.xcframework/ios-arm64/libavcodec.framework/Headers/mpcdata.h,Vendored framework,8076
artifacts/pint-wars/modules/pint-wars-memories/ios/Frameworks/libavcodec.xcframework/ios-arm64/libavcodec.framework/Headers/mpeg12.h,Vendored framework,1511
artifacts/pint-wars/modules/pint-wars-memories/ios/Frameworks/libavcodec.xcframework/ios-arm64/libavcodec.framework/Headers/mpeg12data.h,Vendored framework,1781
artifacts/pint-wars/modules/pint-wars-memories/ios/Frameworks/libavcodec.xcframework/ios-arm64/libavcodec.framework/Headers/mpeg12dec.h,Vendored framework,1664
artifacts/pint-wars/modules/pint-wars-memories/ios/Frameworks/libavcodec.xcframework/ios-arm64/libavcodec.framework/Headers/mpeg12enc.h,Vendored framework,1260
artifacts/pint-wars/modules/pint-wars-memories/ios/Frameworks/libavcodec.xcframework/ios-arm64/libavcodec.framework/Headers/mpeg12vlc.h,Vendored framework,2225
artifacts/pint-wars/modules/pint-wars-memories/ios/Frameworks/libavcodec.xcframework/ios-arm64/libavcodec.framework/Headers/mpeg4audio.h,Vendored framework,6561
artifacts/pint-wars/modules/pint-wars-memories/ios/Frameworks/libavcodec.xcframework/ios-arm64/libavcodec.framework/Headers/mpeg4audio_copy_pce.h,Vendored framework,2579
artifacts/pint-wars/modules/pint-wars-memories/ios/Frameworks/libavcodec.xcframework/ios-arm64/libavcodec.framework/Headers/mpeg4audio_sample_rates.h,Vendored framework,1395
artifacts/pint-wars/modules/pint-wars-memories/ios/Frameworks/libavcodec.xcframework/ios-arm64/libavcodec.framework/Headers/mpeg4data.h,Vendored framework,17422
artifacts/pint-wars/modules/pint-wars-memories/ios/Frameworks/libavcodec.xcframework/ios-arm64/libavcodec.framework/Headers/mpeg4video.h,Vendored framework,1393
artifacts/pint-wars/modules/pint-wars-memories/ios/Frameworks/libavcodec.xcframework/ios-arm64/libavcodec.framework/Headers/mpeg4videodata.h,Vendored framework,2078
artifacts/pint-wars/modules/pint-wars-memories/ios/Frameworks/libavcodec.xcframework/ios-arm64/libavcodec.framework/Headers/mpeg4videodec.h,Vendored framework,4499
artifacts/pint-wars/modules/pint-wars-memories/ios/Frameworks/libavcodec.xcframework/ios-arm64/libavcodec.framework/Headers/mpeg4videodefs.h,Vendored framework,2044
artifacts/pint-wars/modules/pint-wars-memories/ios/Frameworks/libavcodec.xcframework/ios-arm64/libavcodec.framework/Headers/mpeg4videodsp.h,Vendored framework,1813
artifacts/pint-wars/modules/pint-wars-memories/ios/Frameworks/libavcodec.xcframework/ios-arm64/libavcodec.framework/Headers/mpeg4videoenc.h,Vendored framework,1961
artifacts/pint-wars/modules/pint-wars-memories/ios/Frameworks/libavcodec.xcframework/ios-arm64/libavcodec.framework/Headers/mpeg_er.h,Vendored framework,1294
artifacts/pint-wars/modules/pint-wars-memories/ios/Frameworks/libavcodec.xcframework/ios-arm64/libavcodec.framework/Headers/mpegaudio.h,Vendored framework,2064
artifacts/pint-wars/modules/pint-wars-memories/ios/Frameworks/libavcodec.xcframework/ios-arm64/libavcodec.framework/Headers/mpegaudio_tablegen.h,Vendored framework,2824
artifacts/pint-wars/modules/pint-wars-memories/ios/Frameworks/libavcodec.xcframework/ios-arm64/libavcodec.framework/Headers/mpegaudiodata.h,Vendored framework,2642
artifacts/pint-wars/modules/pint-wars-memories/ios/Frameworks/libavcodec.xcframework/ios-arm64/libavcodec.framework/Headers/mpegaudiodec_common_tablegen.h,Vendored framework,2342
artifacts/pint-wars/modules/pint-wars-memories/ios/Frameworks/libavcodec.xcframework/ios-arm64/libavcodec.framework/Headers/mpegaudiodecheader.h,Vendored framework,2449
artifacts/pint-wars/modules/pint-wars-memories/ios/Frameworks/libavcodec.xcframework/ios-arm64/libavcodec.framework/Headers/mpegaudiodsp.h,Vendored framework,3873
artifacts/pint-wars/modules/pint-wars-memories/ios/Frameworks/libavcodec.xcframework/ios-arm64/libavcodec.framework/Headers/mpegaudiotab.h,Vendored framework,2995
artifacts/pint-wars/modules/pint-wars-memories/ios/Frameworks/libavcodec.xcframework/ios-arm64/libavcodec.framework/Headers/mpegaudiotabs.h,Vendored framework,1527
artifacts/pint-wars/modules/pint-wars-memories/ios/Frameworks/libavcodec.xcframework/ios-arm64/libavcodec.framework/Headers/mpegpicture.h,Vendored framework,4838
artifacts/pint-wars/modules/pint-wars-memories/ios/Frameworks/libavcodec.xcframework/ios-arm64/libavcodec.framework/Headers/mpegutils.h,Vendored framework,4355
artifacts/pint-wars/modules/pint-wars-memories/ios/Frameworks/libavcodec.xcframework/ios-arm64/libavcodec.framework/Headers/mpegvideo.h,Vendored framework,13263
artifacts/pint-wars/modules/pint-wars-memories/ios/Frameworks/libavcodec.xcframework/ios-arm64/libavcodec.framework/Headers/mpegvideo_unquantize.h,Vendored framework,2867
artifacts/pint-wars/modules/pint-wars-memories/ios/Frameworks/libavcodec.xcframework/ios-arm64/libavcodec.framework/Headers/mpegvideodata.h,Vendored framework,1362
artifacts/pint-wars/modules/pint-wars-memories/ios/Frameworks/libavcodec.xcframework/ios-arm64/libavcodec.framework/Headers/mpegvideodec.h,Vendored framework,3203
artifacts/pint-wars/modules/pint-wars-memories/ios/Frameworks/libavcodec.xcframework/ios-arm64/libavcodec.framework/Headers/mpegvideoenc.h,Vendored framework,22687
artifacts/pint-wars/modules/pint-wars-memories/ios/Frameworks/libavcodec.xcframework/ios-arm64/libavcodec.framework/Headers/mpegvideoencdsp.h,Vendored framework,2669
artifacts/pint-wars/modules/pint-wars-memories/ios/Frameworks/libavcodec.xcframework/ios-arm64/libavcodec.framework/Headers/mqc.h,Vendored framework,2212
artifacts/pint-wars/modules/pint-wars-memories/ios/Frameworks/libavcodec.xcframework/ios-arm64/libavcodec.framework/Headers/msgsmdec.h,Vendored framework,1108
artifacts/pint-wars/modules/pint-wars-memories/ios/Frameworks/libavcodec.xcframework/ios-arm64/libavcodec.framework/Headers/msmpeg4.h,Vendored framework,1494
artifacts/pint-wars/modules/pint-wars-memories/ios/Frameworks/libavcodec.xcframework/ios-arm64/libavcodec.framework/Headers/msmpeg4_vc1_data.h,Vendored framework,1754
artifacts/pint-wars/modules/pint-wars-memories/ios/Frameworks/libavcodec.xcframework/ios-arm64/libavcodec.framework/Headers/msmpeg4data.h,Vendored framework,2287
artifacts/pint-wars/modules/pint-wars-memories/ios/Frameworks/libavcodec.xcframework/ios-arm64/libavcodec.framework/Headers/msmpeg4dec.h,Vendored framework,1976
artifacts/pint-wars/modules/pint-wars-memories/ios/Frameworks/libavcodec.xcframework/ios-arm64/libavcodec.framework/Headers/msmpeg4enc.h,Vendored framework,1876
artifacts/pint-wars/modules/pint-wars-memories/ios/Frameworks/libavcodec.xcframework/ios-arm64/libavcodec.framework/Headers/msrledec.h,Vendored framework,1281
artifacts/pint-wars/modules/pint-wars-memories/ios/Frameworks/libavcodec.xcframework/ios-arm64/libavcodec.framework/Headers/mss12.h,Vendored framework,5063
artifacts/pint-wars/modules/pint-wars-memories/ios/Frameworks/libavcodec.xcframework/ios-arm64/libavcodec.framework/Headers/mss2dsp.h,Vendored framework,2164
artifacts/pint-wars/modules/pint-wars-memories/ios/Frameworks/libavcodec.xcframework/ios-arm64/libavcodec.framework/Headers/mss34dsp.h,Vendored framework,1493
artifacts/pint-wars/modules/pint-wars-memories/ios/Frameworks/libavcodec.xcframework/ios-arm64/libavcodec.framework/Headers/nellymoser.h,Vendored framework,2316
artifacts/pint-wars/modules/pint-wars-memories/ios/Frameworks/libavcodec.xcframework/ios-arm64/libavcodec.framework/Headers/nvdec.h,Vendored framework,3030
artifacts/pint-wars/modules/pint-wars-memories/ios/Frameworks/libavcodec.xcframework/ios-arm64/libavcodec.framework/Headers/nvenc.h,Vendored framework,6722
artifacts/pint-wars/modules/pint-wars-memories/ios/Frameworks/libavcodec.xcframework/ios-arm64/libavcodec.framework/Headers/ohcodec.h,Vendored framework,1828
artifacts/pint-wars/modules/pint-wars-memories/ios/Frameworks/libavcodec.xcframework/ios-arm64/libavcodec.framework/Headers/on2avcdata.h,Vendored framework,2800
artifacts/pint-wars/modules/pint-wars-memories/ios/Frameworks/libavcodec.xcframework/ios-arm64/libavcodec.framework/Headers/options_table.h,Vendored framework,53253
artifacts/pint-wars/modules/pint-wars-memories/ios/Frameworks/libavcodec.xcframework/ios-arm64/libavcodec.framework/Headers/opus/celt.h,Vendored framework,5309
artifacts/pint-wars/modules/pint-wars-memories/ios/Frameworks/libavcodec.xcframework/ios-arm64/libavcodec.framework/Headers/opus/dsp.h,Vendored framework,1220
artifacts/pint-wars/modules/pint-wars-memories/ios/Frameworks/libavcodec.xcframework/ios-arm64/libavcodec.framework/Headers/opus/enc.h,Vendored framework,1713
artifacts/pint-wars/modules/pint-wars-memories/ios/Frameworks/libavcodec.xcframework/ios-arm64/libavcodec.framework/Headers/opus/enc_psy.h,Vendored framework,3244
artifacts/pint-wars/modules/pint-wars-memories/ios/Frameworks/libavcodec.xcframework/ios-arm64/libavcodec.framework/Headers/opus/enc_utils.h,Vendored framework,2633
artifacts/pint-wars/modules/pint-wars-memories/ios/Frameworks/libavcodec.xcframework/ios-arm64/libavcodec.framework/Headers/opus/opus.h,Vendored framework,1705
artifacts/pint-wars/modules/pint-wars-memories/ios/Frameworks/libavcodec.xcframework/ios-arm64/libavcodec.framework/Headers/opus/parse.h,Vendored framework,2872
artifacts/pint-wars/modules/pint-wars-memories/ios/Frameworks/libavcodec.xcframework/ios-arm64/libavcodec.framework/Headers/opus/pvq.h,Vendored framework,1946
artifacts/pint-wars/modules/pint-wars-memories/ios/Frameworks/libavcodec.xcframework/ios-arm64/libavcodec.framework/Headers/opus/rc.h,Vendored framework,4310
artifacts/pint-wars/modules/pint-wars-memories/ios/Frameworks/libavcodec.xcframework/ios-arm64/libavcodec.framework/Headers/opus/silk.h,Vendored framework,1623
artifacts/pint-wars/modules/pint-wars-memories/ios/Frameworks/libavcodec.xcframework/ios-arm64/libavcodec.framework/Headers/opus/tab.h,Vendored framework,6174
artifacts/pint-wars/modules/pint-wars-memories/ios/Frameworks/libavcodec.xcframework/ios-arm64/libavcodec.framework/Headers/packet.h,Vendored framework,32798
artifacts/pint-wars/modules/pint-wars-memories/ios/Frameworks/libavcodec.xcframework/ios-arm64/libavcodec.framework/Headers/packet_internal.h,Vendored framework,1047
artifacts/pint-wars/modules/pint-wars-memories/ios/Frameworks/libavcodec.xcframework/ios-arm64/libavcodec.framework/Headers/paf.h,Vendored framework,1025
artifacts/pint-wars/modules/pint-wars-memories/ios/Frameworks/libavcodec.xcframework/ios-arm64/libavcodec.framework/Headers/parser.h,Vendored framework,2240
artifacts/pint-wars/modules/pint-wars-memories/ios/Frameworks/libavcodec.xcframework/ios-arm64/libavcodec.framework/Headers/parser_internal.h,Vendored framework,2103
artifacts/pint-wars/modules/pint-wars-memories/ios/Frameworks/libavcodec.xcframework/ios-arm64/libavcodec.framework/Headers/pcm_tablegen.h,Vendored framework,4667
artifacts/pint-wars/modules/pint-wars-memories/ios/Frameworks/libavcodec.xcframework/ios-arm64/libavcodec.framework/Headers/pixblockdsp.h,Vendored framework,2705
artifacts/pint-wars/modules/pint-wars-memories/ios/Frameworks/libavcodec.xcframework/ios-arm64/libavcodec.framework/Headers/pixels.h,Vendored framework,1384
artifacts/pint-wars/modules/pint-wars-memories/ios/Frameworks/libavcodec.xcframework/ios-arm64/libavcodec.framework/Headers/png.h,Vendored framework,2109
artifacts/pint-wars/modules/pint-wars-memories/ios/Frameworks/libavcodec.xcframework/ios-arm64/libavcodec.framework/Headers/pngdsp.h,Vendored framework,1697
artifacts/pint-wars/modules/pint-wars-memories/ios/Frameworks/libavcodec.xcframework/ios-arm64/libavcodec.framework/Headers/pnm.h,Vendored framework,1334
artifacts/pint-wars/modules/pint-wars-memories/ios/Frameworks/libavcodec.xcframework/ios-arm64/libavcodec.framework/Headers/ppc/fdct.h,Vendored framework,911
artifacts/pint-wars/modules/pint-wars-memories/ios/Frameworks/libavcodec.xcframework/ios-arm64/libavcodec.framework/Headers/ppc/hpeldsp_altivec.h,Vendored framework,1315
artifacts/pint-wars/modules/pint-wars-memories/ios/Frameworks/libavcodec.xcframework/ios-arm64/libavcodec.framework/Headers/ppc/mathops.h,Vendored framework,2486
artifacts/pint-wars/modules/pint-wars-memories/ios/Frameworks/libavcodec.xcframework/ios-arm64/libavcodec.framework/Headers/profiles.h,Vendored framework,4180
artifacts/pint-wars/modules/pint-wars-memories/ios/Frameworks/libavcodec.xcframework/ios-arm64/libavcodec.framework/Headers/progressframe.h,Vendored framework,6416
artifacts/pint-wars/modules/pint-wars-memories/ios/Frameworks/libavcodec.xcframework/ios-arm64/libavcodec.framework/Headers/prores_raw.h,Vendored framework,1960
artifacts/pint-wars/modules/pint-wars-memories/ios/Frameworks/libavcodec.xcframework/ios-arm64/libavcodec.framework/Headers/proresdata.h,Vendored framework,1340
artifacts/pint-wars/modules/pint-wars-memories/ios/Frameworks/libavcodec.xcframework/ios-arm64/libavcodec.framework/Headers/proresdec.h,Vendored framework,2173
artifacts/pint-wars/modules/pint-wars-memories/ios/Frameworks/libavcodec.xcframework/ios-arm64/libavcodec.framework/Headers/proresdsp.h,Vendored framework,1499
artifacts/pint-wars/modules/pint-wars-memories/ios/Frameworks/libavcodec.xcframework/ios-arm64/libavcodec.framework/Headers/proresenc_kostya_common.h,Vendored framework,3844
artifacts/pint-wars/modules/pint-wars-memories/ios/Frameworks/libavcodec.xcframework/ios-arm64/libavcodec.framework/Headers/psymodel.h,Vendored framework,7547
artifacts/pint-wars/modules/pint-wars-memories/ios/Frameworks/libavcodec.xcframework/ios-arm64/libavcodec.framework/Headers/pthread_internal.h,Vendored framework,3108
artifacts/pint-wars/modules/pint-wars-memories/ios/Frameworks/libavcodec.xcframework/ios-arm64/libavcodec.framework/Headers/put_bits.h,Vendored framework,11856
artifacts/pint-wars/modules/pint-wars-memories/ios/Frameworks/libavcodec.xcframework/ios-arm64/libavcodec.framework/Headers/put_golomb.h,Vendored framework,3682
artifacts/pint-wars/modules/pint-wars-memories/ios/Frameworks/libavcodec.xcframework/ios-arm64/libavcodec.framework/Headers/qcelpdata.h,Vendored framework,20329
artifacts/pint-wars/modules/pint-wars-memories/ios/Frameworks/libavcodec.xcframework/ios-arm64/libavcodec.framework/Headers/qdm2_tablegen.h,Vendored framework,5144
artifacts/pint-wars/modules/pint-wars-memories/ios/Frameworks/libavcodec.xcframework/ios-arm64/libavcodec.framework/Headers/qdm2data.h,Vendored framework,24735
artifacts/pint-wars/modules/pint-wars-memories/ios/Frameworks/libavcodec.xcframework/ios-arm64/libavcodec.framework/Headers/qoi.h,Vendored framework,1224
artifacts/pint-wars/modules/pint-wars-memories/ios/Frameworks/libavcodec.xcframework/ios-arm64/libavcodec.framework/Headers/qpeldsp.h,Vendored framework,3106
artifacts/pint-wars/modules/pint-wars-memories/ios/Frameworks/libavcodec.xcframework/ios-arm64/libavcodec.framework/Headers/qsv.h,Vendored framework,3844
artifacts/pint-wars/modules/pint-wars-memories/ios/Frameworks/libavcodec.xcframework/ios-arm64/libavcodec.framework/Headers/qsv_internal.h,Vendored framework,5184
artifacts/pint-wars/modules/pint-wars-memories/ios/Frameworks/libavcodec.xcframework/ios-arm64/libavcodec.framework/Headers/qsvenc.h,Vendored framework,15609
artifacts/pint-wars/modules/pint-wars-memories/ios/Frameworks/libavcodec.xcframework/ios-arm64/libavcodec.framework/Headers/ra144.h,Vendored framework,3344
artifacts/pint-wars/modules/pint-wars-memories/ios/Frameworks/libavcodec.xcframework/ios-arm64/libavcodec.framework/Headers/ra288.h,Vendored framework,9293
artifacts/pint-wars/modules/pint-wars-memories/ios/Frameworks/libavcodec.xcframework/ios-arm64/libavcodec.framework/Headers/ralfdata.h,Vendored framework,627117
artifacts/pint-wars/modules/pint-wars-memories/ios/Frameworks/libavcodec.xcframework/ios-arm64/libavcodec.framework/Headers/rangecoder.h,Vendored framework,3772
artifacts/pint-wars/modules/pint-wars-memories/ios/Frameworks/libavcodec.xcframework/ios-arm64/libavcodec.framework/Headers/ratecontrol.h,Vendored framework,3242
artifacts/pint-wars/modules/pint-wars-memories/ios/Frameworks/libavcodec.xcframework/ios-arm64/libavcodec.framework/Headers/raw.h,Vendored framework,1297
artifacts/pint-wars/modules/pint-wars-memories/ios/Frameworks/libavcodec.xcframework/ios-arm64/libavcodec.framework/Headers/raw_pix_fmt_tags.h,Vendored framework,18442
artifacts/pint-wars/modules/pint-wars-memories/ios/Frameworks/libavcodec.xcframework/ios-arm64/libavcodec.framework/Headers/rectangle.h,Vendored framework,4341
artifacts/pint-wars/modules/pint-wars-memories/ios/Frameworks/libavcodec.xcframework/ios-arm64/libavcodec.framework/Headers/riscv/h26x/h2656dsp.h,Vendored framework,1213
artifacts/pint-wars/modules/pint-wars-memories/ios/Frameworks/libavcodec.xcframework/ios-arm64/libavcodec.framework/Headers/riscv/mathops.h,Vendored framework,1654
artifacts/pint-wars/modules/pint-wars-memories/ios/Frameworks/libavcodec.xcframework/ios-arm64/libavcodec.framework/Headers/riscv/vp8dsp.h,Vendored framework,3434
artifacts/pint-wars/modules/pint-wars-memories/ios/Frameworks/libavcodec.xcframework/ios-arm64/libavcodec.framework/Headers/riscv/vp9dsp.h,Vendored framework,10255
artifacts/pint-wars/modules/pint-wars-memories/ios/Frameworks/libavcodec.xcframework/ios-arm64/libavcodec.framework/Headers/rl.h,Vendored framework,3824
artifacts/pint-wars/modules/pint-wars-memories/ios/Frameworks/libavcodec.xcframework/ios-arm64/libavcodec.framework/Headers/rle.h,Vendored framework,1883
artifacts/pint-wars/modules/pint-wars-memories/ios/Frameworks/libavcodec.xcframework/ios-arm64/libavcodec.framework/Headers/rnd_avg.h,Vendored framework,1570
artifacts/pint-wars/modules/pint-wars-memories/ios/Frameworks/libavcodec.xcframework/ios-arm64/libavcodec.framework/Headers/roqvideo.h,Vendored framework,2019
artifacts/pint-wars/modules/pint-wars-memories/ios/Frameworks/libavcodec.xcframework/ios-arm64/libavcodec.framework/Headers/rtjpeg.h,Vendored framework,1659
artifacts/pint-wars/modules/pint-wars-memories/ios/Frameworks/libavcodec.xcframework/ios-arm64/libavcodec.framework/Headers/rv10dec.h,Vendored framework,957
artifacts/pint-wars/modules/pint-wars-memories/ios/Frameworks/libavcodec.xcframework/ios-arm64/libavcodec.framework/Headers/rv20enc.h,Vendored framework,983
artifacts/pint-wars/modules/pint-wars-memories/ios/Frameworks/libavcodec.xcframework/ios-arm64/libavcodec.framework/Headers/rv30data.h,Vendored framework,5613
artifacts/pint-wars/modules/pint-wars-memories/ios/Frameworks/libavcodec.xcframework/ios-arm64/libavcodec.framework/Headers/rv34.h,Vendored framework,6289
artifacts/pint-wars/modules/pint-wars-memories/ios/Frameworks/libavcodec.xcframework/ios-arm64/libavcodec.framework/Headers/rv34data.h,Vendored framework,3881
artifacts/pint-wars/modules/pint-wars-memories/ios/Frameworks/libavcodec.xcframework/ios-arm64/libavcodec.framework/Headers/rv34dsp.h,Vendored framework,3609
artifacts/pint-wars/modules/pint-wars-memories/ios/Frameworks/libavcodec.xcframework/ios-arm64/libavcodec.framework/Headers/rv34vlc.h,Vendored framework,255198
artifacts/pint-wars/modules/pint-wars-memories/ios/Frameworks/libavcodec.xcframework/ios-arm64/libavcodec.framework/Headers/rv40data.h,Vendored framework,3175
artifacts/pint-wars/modules/pint-wars-memories/ios/Frameworks/libavcodec.xcframework/ios-arm64/libavcodec.framework/Headers/rv40vlc2.h,Vendored framework,31249
artifacts/pint-wars/modules/pint-wars-memories/ios/Frameworks/libavcodec.xcframework/ios-arm64/libavcodec.framework/Headers/rv60data.h,Vendored framework,4705
artifacts/pint-wars/modules/pint-wars-memories/ios/Frameworks/libavcodec.xcframework/ios-arm64/libavcodec.framework/Headers/rv60dsp.h,Vendored framework,1136
artifacts/pint-wars/modules/pint-wars-memories/ios/Frameworks/libavcodec.xcframework/ios-arm64/libavcodec.framework/Headers/rv60vlcs.h,Vendored framework,152956
artifacts/pint-wars/modules/pint-wars-memories/ios/Frameworks/libavcodec.xcframework/ios-arm64/libavcodec.framework/Headers/sbc.h,Vendored framework,3569
artifacts/pint-wars/modules/pint-wars-memories/ios/Frameworks/libavcodec.xcframework/ios-arm64/libavcodec.framework/Headers/sbcdec_data.h,Vendored framework,6955
artifacts/pint-wars/modules/pint-wars-memories/ios/Frameworks/libavcodec.xcframework/ios-arm64/libavcodec.framework/Headers/sbcdsp.h,Vendored framework,3607
artifacts/pint-wars/modules/pint-wars-memories/ios/Frameworks/libavcodec.xcframework/ios-arm64/libavcodec.framework/Headers/sbcdsp_data.h,Vendored framework,13808
artifacts/pint-wars/modules/pint-wars-memories/ios/Frameworks/libavcodec.xcframework/ios-arm64/libavcodec.framework/Headers/sbr.h,Vendored framework,8017
artifacts/pint-wars/modules/pint-wars-memories/ios/Frameworks/libavcodec.xcframework/ios-arm64/libavcodec.framework/Headers/sbrdsp.h,Vendored framework,2252
artifacts/pint-wars/modules/pint-wars-memories/ios/Frameworks/libavcodec.xcframework/ios-arm64/libavcodec.framework/Headers/scpr.h,Vendored framework,10325
artifacts/pint-wars/modules/pint-wars-memories/ios/Frameworks/libavcodec.xcframework/ios-arm64/libavcodec.framework/Headers/scpr3.h,Vendored framework,1978
artifacts/pint-wars/modules/pint-wars-memories/ios/Frameworks/libavcodec.xcframework/ios-arm64/libavcodec.framework/Headers/sei.h,Vendored framework,8843
artifacts/pint-wars/modules/pint-wars-memories/ios/Frameworks/libavcodec.xcframework/ios-arm64/libavcodec.framework/Headers/sgi.h,Vendored framework,1047
artifacts/pint-wars/modules/pint-wars-memories/ios/Frameworks/libavcodec.xcframework/ios-arm64/libavcodec.framework/Headers/sheervideodata.h,Vendored framework,5698
artifacts/pint-wars/modules/pint-wars-memories/ios/Frameworks/libavcodec.xcframework/ios-arm64/libavcodec.framework/Headers/simple_idct.h,Vendored framework,2252
artifacts/pint-wars/modules/pint-wars-memories/ios/Frameworks/libavcodec.xcframework/ios-arm64/libavcodec.framework/Headers/sinewin.h,Vendored framework,1684
artifacts/pint-wars/modules/pint-wars-memories/ios/Frameworks/libavcodec.xcframework/ios-arm64/libavcodec.framework/Headers/sinewin_fixed_tablegen.h,Vendored framework,2488
artifacts/pint-wars/modules/pint-wars-memories/ios/Frameworks/libavcodec.xcframework/ios-arm64/libavcodec.framework/Headers/sinewin_tablegen.h,Vendored framework,3366
artifacts/pint-wars/modules/pint-wars-memories/ios/Frameworks/libavcodec.xcframework/ios-arm64/libavcodec.framework/Headers/sipr.h,Vendored framework,3170
artifacts/pint-wars/modules/pint-wars-memories/ios/Frameworks/libavcodec.xcframework/ios-arm64/libavcodec.framework/Headers/sipr16kdata.h,Vendored framework,32724
artifacts/pint-wars/modules/pint-wars-memories/ios/Frameworks/libavcodec.xcframework/ios-arm64/libavcodec.framework/Headers/siprdata.h,Vendored framework,16703
artifacts/pint-wars/modules/pint-wars-memories/ios/Frameworks/libavcodec.xcframework/ios-arm64/libavcodec.framework/Headers/smpte_436m.h,Vendored framework,11580
artifacts/pint-wars/modules/pint-wars-memories/ios/Frameworks/libavcodec.xcframework/ios-arm64/libavcodec.framework/Headers/smpte_436m_internal.h,Vendored framework,6472
artifacts/pint-wars/modules/pint-wars-memories/ios/Frameworks/libavcodec.xcframework/ios-arm64/libavcodec.framework/Headers/snappy.h,Vendored framework,1898
artifacts/pint-wars/modules/pint-wars-memories/ios/Frameworks/libavcodec.xcframework/ios-arm64/libavcodec.framework/Headers/snow.h,Vendored framework,13865
artifacts/pint-wars/modules/pint-wars-memories/ios/Frameworks/libavcodec.xcframework/ios-arm64/libavcodec.framework/Headers/snow_dwt.h,Vendored framework,5800
artifacts/pint-wars/modules/pint-wars-memories/ios/Frameworks/libavcodec.xcframework/ios-arm64/libavcodec.framework/Headers/snowdata.h,Vendored framework,8074
artifacts/pint-wars/modules/pint-wars-memories/ios/Frameworks/libavcodec.xcframework/ios-arm64/libavcodec.framework/Headers/sp5x.h,Vendored framework,5994
artifacts/pint-wars/modules/pint-wars-memories/ios/Frameworks/libavcodec.xcframework/ios-arm64/libavcodec.framework/Headers/speedhq.h,Vendored framework,1222
artifacts/pint-wars/modules/pint-wars-memories/ios/Frameworks/libavcodec.xcframework/ios-arm64/libavcodec.framework/Headers/speedhqenc.h,Vendored framework,1663
artifacts/pint-wars/modules/pint-wars-memories/ios/Frameworks/libavcodec.xcframework/ios-arm64/libavcodec.framework/Headers/speexdata.h,Vendored framework,53308
artifacts/pint-wars/modules/pint-wars-memories/ios/Frameworks/libavcodec.xcframework/ios-arm64/libavcodec.framework/Headers/startcode.h,Vendored framework,1233
artifacts/pint-wars/modules/pint-wars-memories/ios/Frameworks/libavcodec.xcframework/ios-arm64/libavcodec.framework/Headers/sunrast.h,Vendored framework,2065
artifacts/pint-wars/modules/pint-wars-memories/ios/Frameworks/libavcodec.xcframework/ios-arm64/libavcodec.framework/Headers/svq1.h,Vendored framework,2188
artifacts/pint-wars/modules/pint-wars-memories/ios/Frameworks/libavcodec.xcframework/ios-arm64/libavcodec.framework/Headers/svq1_cb.h,Vendored framework,99164
artifacts/pint-wars/modules/pint-wars-memories/ios/Frameworks/libavcodec.xcframework/ios-arm64/libavcodec.framework/Headers/svq1_vlc.h,Vendored framework,15244
artifacts/pint-wars/modules/pint-wars-memories/ios/Frameworks/libavcodec.xcframework/ios-arm64/libavcodec.framework/Headers/svq1enc_cb.h,Vendored framework,4497
artifacts/pint-wars/modules/pint-wars-memories/ios/Frameworks/libavcodec.xcframework/ios-arm64/libavcodec.framework/Headers/svq1encdsp.h,Vendored framework,1766
artifacts/pint-wars/modules/pint-wars-memories/ios/Frameworks/libavcodec.xcframework/ios-arm64/libavcodec.framework/Headers/synth_filter.h,Vendored framework,2505
artifacts/pint-wars/modules/pint-wars-memories/ios/Frameworks/libavcodec.xcframework/ios-arm64/libavcodec.framework/Headers/tableprint.h,Vendored framework,4650
artifacts/pint-wars/modules/pint-wars-memories/ios/Frameworks/libavcodec.xcframework/ios-arm64/libavcodec.framework/Headers/tableprint_vlc.h,Vendored framework,3171
artifacts/pint-wars/modules/pint-wars-memories/ios/Frameworks/libavcodec.xcframework/ios-arm64/libavcodec.framework/Headers/tak.h,Vendored framework,5983
artifacts/pint-wars/modules/pint-wars-memories/ios/Frameworks/libavcodec.xcframework/ios-arm64/libavcodec.framework/Headers/takdsp.h,Vendored framework,1350
artifacts/pint-wars/modules/pint-wars-memories/ios/Frameworks/libavcodec.xcframework/ios-arm64/libavcodec.framework/Headers/targa.h,Vendored framework,1580
artifacts/pint-wars/modules/pint-wars-memories/ios/Frameworks/libavcodec.xcframework/ios-arm64/libavcodec.framework/Headers/texturedsp.h,Vendored framework,4356
artifacts/pint-wars/modules/pint-wars-memories/ios/Frameworks/libavcodec.xcframework/ios-arm64/libavcodec.framework/Headers/thread.h,Vendored framework,3308
artifacts/pint-wars/modules/pint-wars-memories/ios/Frameworks/libavcodec.xcframework/ios-arm64/libavcodec.framework/Headers/threadframe.h,Vendored framework,3156
artifacts/pint-wars/modules/pint-wars-memories/ios/Frameworks/libavcodec.xcframework/ios-arm64/libavcodec.framework/Headers/threadprogress.h,Vendored framework,3300
artifacts/pint-wars/modules/pint-wars-memories/ios/Frameworks/libavcodec.xcframework/ios-arm64/libavcodec.framework/Headers/tiff.h,Vendored framework,8293
artifacts/pint-wars/modules/pint-wars-memories/ios/Frameworks/libavcodec.xcframework/ios-arm64/libavcodec.framework/Headers/tiff_common.h,Vendored framework,3364
artifacts/pint-wars/modules/pint-wars-memories/ios/Frameworks/libavcodec.xcframework/ios-arm64/libavcodec.framework/Headers/tiff_data.h,Vendored framework,68578
artifacts/pint-wars/modules/pint-wars-memories/ios/Frameworks/libavcodec.xcframework/ios-arm64/libavcodec.framework/Headers/to_upper4.h,Vendored framework,1251
artifacts/pint-wars/modules/pint-wars-memories/ios/Frameworks/libavcodec.xcframework/ios-arm64/libavcodec.framework/Headers/tpeldsp.h,Vendored framework,2044
artifacts/pint-wars/modules/pint-wars-memories/ios/Frameworks/libavcodec.xcframework/ios-arm64/libavcodec.framework/Headers/truemotion1data.h,Vendored framework,14509
artifacts/pint-wars/modules/pint-wars-memories/ios/Frameworks/libavcodec.xcframework/ios-arm64/libavcodec.framework/Headers/truespeech_data.h,Vendored framework,5423
artifacts/pint-wars/modules/pint-wars-memories/ios/Frameworks/libavcodec.xcframework/ios-arm64/libavcodec.framework/Headers/tscc2data.h,Vendored framework,27467
artifacts/pint-wars/modules/pint-wars-memories/ios/Frameworks/libavcodec.xcframework/ios-arm64/libavcodec.framework/Headers/ttadata.h,Vendored framework,1511
artifacts/pint-wars/modules/pint-wars-memories/ios/Frameworks/libavcodec.xcframework/ios-arm64/libavcodec.framework/Headers/ttadsp.h,Vendored framework,1178
artifacts/pint-wars/modules/pint-wars-memories/ios/Frameworks/libavcodec.xcframework/ios-arm64/libavcodec.framework/Headers/ttaencdsp.h,Vendored framework,1205
artifacts/pint-wars/modules/pint-wars-memories/ios/Frameworks/libavcodec.xcframework/ios-arm64/libavcodec.framework/Headers/ttmlenc.h,Vendored framework,1347
artifacts/pint-wars/modules/pint-wars-memories/ios/Frameworks/libavcodec.xcframework/ios-arm64/libavcodec.framework/Headers/twinvq.h,Vendored framework,6995
artifacts/pint-wars/modules/pint-wars-memories/ios/Frameworks/libavcodec.xcframework/ios-arm64/libavcodec.framework/Headers/twinvq_data.h,Vendored framework,638384
artifacts/pint-wars/modules/pint-wars-memories/ios/Frameworks/libavcodec.xcframework/ios-arm64/libavcodec.framework/Headers/ulti_cb.h,Vendored framework,115666
artifacts/pint-wars/modules/pint-wars-memories/ios/Frameworks/libavcodec.xcframework/ios-arm64/libavcodec.framework/Headers/unary.h,Vendored framework,1883
artifacts/pint-wars/modules/pint-wars-memories/ios/Frameworks/libavcodec.xcframework/ios-arm64/libavcodec.framework/Headers/utvideo.h,Vendored framework,1585
artifacts/pint-wars/modules/pint-wars-memories/ios/Frameworks/libavcodec.xcframework/ios-arm64/libavcodec.framework/Headers/utvideodsp.h,Vendored framework,1628
artifacts/pint-wars/modules/pint-wars-memories/ios/Frameworks/libavcodec.xcframework/ios-arm64/libavcodec.framework/Headers/v210dec.h,Vendored framework,1201
artifacts/pint-wars/modules/pint-wars-memories/ios/Frameworks/libavcodec.xcframework/ios-arm64/libavcodec.framework/Headers/v210dec_init.h,Vendored framework,1888
artifacts/pint-wars/modules/pint-wars-memories/ios/Frameworks/libavcodec.xcframework/ios-arm64/libavcodec.framework/Headers/v210enc.h,Vendored framework,1310
artifacts/pint-wars/modules/pint-wars-memories/ios/Frameworks/libavcodec.xcframework/ios-arm64/libavcodec.framework/Headers/v210enc_init.h,Vendored framework,3000
artifacts/pint-wars/modules/pint-wars-memories/ios/Frameworks/libavcodec.xcframework/ios-arm64/libavcodec.framework/Headers/v4l2_buffers.h,Vendored framework,4010
artifacts/pint-wars/modules/pint-wars-memories/ios/Frameworks/libavcodec.xcframework/ios-arm64/libavcodec.framework/Headers/v4l2_context.h,Vendored framework,6064
artifacts/pint-wars/modules/pint-wars-memories/ios/Frameworks/libavcodec.xcframework/ios-arm64/libavcodec.framework/Headers/v4l2_fmt.h,Vendored framework,1312
artifacts/pint-wars/modules/pint-wars-memories/ios/Frameworks/libavcodec.xcframework/ios-arm64/libavcodec.framework/Headers/v4l2_m2m.h,Vendored framework,3864
artifacts/pint-wars/modules/pint-wars-memories/ios/Frameworks/libavcodec.xcframework/ios-arm64/libavcodec.framework/Headers/vaapi_decode.h,Vendored framework,3010
artifacts/pint-wars/modules/pint-wars-memories/ios/Frameworks/libavcodec.xcframework/ios-arm64/libavcodec.framework/Headers/vaapi_encode.h,Vendored framework,13050
artifacts/pint-wars/modules/pint-wars-memories/ios/Frameworks/libavcodec.xcframework/ios-arm64/libavcodec.framework/Headers/vaapi_hevc.h,Vendored framework,970
artifacts/pint-wars/modules/pint-wars-memories/ios/Frameworks/libavcodec.xcframework/ios-arm64/libavcodec.framework/Headers/vbn.h,Vendored framework,1523
artifacts/pint-wars/modules/pint-wars-memories/ios/Frameworks/libavcodec.xcframework/ios-arm64/libavcodec.framework/Headers/vc1.h,Vendored framework,15534
artifacts/pint-wars/modules/pint-wars-memories/ios/Frameworks/libavcodec.xcframework/ios-arm64/libavcodec.framework/Headers/vc1_common.h,Vendored framework,2487
artifacts/pint-wars/modules/pint-wars-memories/ios/Frameworks/libavcodec.xcframework/ios-arm64/libavcodec.framework/Headers/vc1_pred.h,Vendored framework,2052
artifacts/pint-wars/modules/pint-wars-memories/ios/Frameworks/libavcodec.xcframework/ios-arm64/libavcodec.framework/Headers/vc1_vlc_data.h,Vendored framework,57509
artifacts/pint-wars/modules/pint-wars-memories/ios/Frameworks/libavcodec.xcframework/ios-arm64/libavcodec.framework/Headers/vc1acdata.h,Vendored framework,19709
artifacts/pint-wars/modules/pint-wars-memories/ios/Frameworks/libavcodec.xcframework/ios-arm64/libavcodec.framework/Headers/vc1data.h,Vendored framework,4749
artifacts/pint-wars/modules/pint-wars-memories/ios/Frameworks/libavcodec.xcframework/ios-arm64/libavcodec.framework/Headers/vc1dsp.h,Vendored framework,4795
artifacts/pint-wars/modules/pint-wars-memories/ios/Frameworks/libavcodec.xcframework/ios-arm64/libavcodec.framework/Headers/vc2enc_dwt.h,Vendored framework,2060
artifacts/pint-wars/modules/pint-wars-memories/ios/Frameworks/libavcodec.xcframework/ios-arm64/libavcodec.framework/Headers/vdpau.h,Vendored framework,4555
artifacts/pint-wars/modules/pint-wars-memories/ios/Frameworks/libavcodec.xcframework/ios-arm64/libavcodec.framework/Headers/vdpau_internal.h,Vendored framework,3706
artifacts/pint-wars/modules/pint-wars-memories/ios/Frameworks/libavcodec.xcframework/ios-arm64/libavcodec.framework/Headers/version.h,Vendored framework,1619
artifacts/pint-wars/modules/pint-wars-memories/ios/Frameworks/libavcodec.xcframework/ios-arm64/libavcodec.framework/Headers/version_major.h,Vendored framework,1629
artifacts/pint-wars/modules/pint-wars-memories/ios/Frameworks/libavcodec.xcframework/ios-arm64/libavcodec.framework/Headers/videodsp.h,Vendored framework,3176
artifacts/pint-wars/modules/pint-wars-memories/ios/Frameworks/libavcodec.xcframework/ios-arm64/libavcodec.framework/Headers/videotoolbox.h,Vendored framework,2445
artifacts/pint-wars/modules/pint-wars-memories/ios/Frameworks/libavcodec.xcframework/ios-arm64/libavcodec.framework/Headers/vlc.h,Vendored framework,15240
artifacts/pint-wars/modules/pint-wars-memories/ios/Frameworks/libavcodec.xcframework/ios-arm64/libavcodec.framework/Headers/vorbis.h,Vendored framework,1571
artifacts/pint-wars/modules/pint-wars-memories/ios/Frameworks/libavcodec.xcframework/ios-arm64/libavcodec.framework/Headers/vorbis_data.h,Vendored framework,1235
artifacts/pint-wars/modules/pint-wars-memories/ios/Frameworks/libavcodec.xcframework/ios-arm64/libavcodec.framework/Headers/vorbis_enc_data.h,Vendored framework,24825
artifacts/pint-wars/modules/pint-wars-memories/ios/Frameworks/libavcodec.xcframework/ios-arm64/libavcodec.framework/Headers/vorbis_parser.h,Vendored framework,2285
artifacts/pint-wars/modules/pint-wars-memories/ios/Frameworks/libavcodec.xcframework/ios-arm64/libavcodec.framework/Headers/vorbis_parser_internal.h,Vendored framework,1843
artifacts/pint-wars/modules/pint-wars-memories/ios/Frameworks/libavcodec.xcframework/ios-arm64/libavcodec.framework/Headers/vorbisdsp.h,Vendored framework,1458
artifacts/pint-wars/modules/pint-wars-memories/ios/Frameworks/libavcodec.xcframework/ios-arm64/libavcodec.framework/Headers/vp3data.h,Vendored framework,53210
artifacts/pint-wars/modules/pint-wars-memories/ios/Frameworks/libavcodec.xcframework/ios-arm64/libavcodec.framework/Headers/vp3dsp.h,Vendored framework,2959
artifacts/pint-wars/modules/pint-wars-memories/ios/Frameworks/libavcodec.xcframework/ios-arm64/libavcodec.framework/Headers/vp4data.h,Vendored framework,54807
artifacts/pint-wars/modules/pint-wars-memories/ios/Frameworks/libavcodec.xcframework/ios-arm64/libavcodec.framework/Headers/vp56.h,Vendored framework,8197
artifacts/pint-wars/modules/pint-wars-memories/ios/Frameworks/libavcodec.xcframework/ios-arm64/libavcodec.framework/Headers/vp56data.h,Vendored framework,1842
artifacts/pint-wars/modules/pint-wars-memories/ios/Frameworks/libavcodec.xcframework/ios-arm64/libavcodec.framework/Headers/vp56dsp.h,Vendored framework,1464
artifacts/pint-wars/modules/pint-wars-memories/ios/Frameworks/libavcodec.xcframework/ios-arm64/libavcodec.framework/Headers/vp5data.h,Vendored framework,10165
artifacts/pint-wars/modules/pint-wars-memories/ios/Frameworks/libavcodec.xcframework/ios-arm64/libavcodec.framework/Headers/vp6data.h,Vendored framework,10998
artifacts/pint-wars/modules/pint-wars-memories/ios/Frameworks/libavcodec.xcframework/ios-arm64/libavcodec.framework/Headers/vp8.h,Vendored framework,10212
artifacts/pint-wars/modules/pint-wars-memories/ios/Frameworks/libavcodec.xcframework/ios-arm64/libavcodec.framework/Headers/vp89_rac.h,Vendored framework,1846
artifacts/pint-wars/modules/pint-wars-memories/ios/Frameworks/libavcodec.xcframework/ios-arm64/libavcodec.framework/Headers/vp8data.h,Vendored framework,25477
artifacts/pint-wars/modules/pint-wars-memories/ios/Frameworks/libavcodec.xcframework/ios-arm64/libavcodec.framework/Headers/vp8dsp.h,Vendored framework,4637
artifacts/pint-wars/modules/pint-wars-memories/ios/Frameworks/libavcodec.xcframework/ios-arm64/libavcodec.framework/Headers/vp9.h,Vendored framework,1703
artifacts/pint-wars/modules/pint-wars-memories/ios/Frameworks/libavcodec.xcframework/ios-arm64/libavcodec.framework/Headers/vp9data.h,Vendored framework,3144
artifacts/pint-wars/modules/pint-wars-memories/ios/Frameworks/libavcodec.xcframework/ios-arm64/libavcodec.framework/Headers/vp9dec.h,Vendored framework,7986
artifacts/pint-wars/modules/pint-wars-memories/ios/Frameworks/libavcodec.xcframework/ios-arm64/libavcodec.framework/Headers/vp9dsp.h,Vendored framework,5686
artifacts/pint-wars/modules/pint-wars-memories/ios/Frameworks/libavcodec.xcframework/ios-arm64/libavcodec.framework/Headers/vp9shared.h,Vendored framework,4211
artifacts/pint-wars/modules/pint-wars-memories/ios/Frameworks/libavcodec.xcframework/ios-arm64/libavcodec.framework/Headers/vpx_rac.h,Vendored framework,3697
artifacts/pint-wars/modules/pint-wars-memories/ios/Frameworks/libavcodec.xcframework/ios-arm64/libavcodec.framework/Headers/vt_internal.h,Vendored framework,3179
artifacts/pint-wars/modules/pint-wars-memories/ios/Frameworks/libavcodec.xcframework/ios-arm64/libavcodec.framework/Headers/vulkan_decode.h,Vendored framework,6393
artifacts/pint-wars/modules/pint-wars-memories/ios/Frameworks/libavcodec.xcframework/ios-arm64/libavcodec.framework/Headers/vulkan_encode.h,Vendored framework,11335
artifacts/pint-wars/modules/pint-wars-memories/ios/Frameworks/libavcodec.xcframework/ios-arm64/libavcodec.framework/Headers/vulkan_video.h,Vendored framework,3258
artifacts/pint-wars/modules/pint-wars-memories/ios/Frameworks/libavcodec.xcframework/ios-arm64/libavcodec.framework/Headers/vvc/cabac.h,Vendored framework,6689
artifacts/pint-wars/modules/pint-wars-memories/ios/Frameworks/libavcodec.xcframework/ios-arm64/libavcodec.framework/Headers/vvc/ctu.h,Vendored framework,15099
artifacts/pint-wars/modules/pint-wars-memories/ios/Frameworks/libavcodec.xcframework/ios-arm64/libavcodec.framework/Headers/vvc/data.h,Vendored framework,3735
artifacts/pint-wars/modules/pint-wars-memories/ios/Frameworks/libavcodec.xcframework/ios-arm64/libavcodec.framework/Headers/vvc/dec.h,Vendored framework,8358
artifacts/pint-wars/modules/pint-wars-memories/ios/Frameworks/libavcodec.xcframework/ios-arm64/libavcodec.framework/Headers/vvc/dsp.h,Vendored framework,9327
artifacts/pint-wars/modules/pint-wars-memories/ios/Frameworks/libavcodec.xcframework/ios-arm64/libavcodec.framework/Headers/vvc/filter.h,Vendored framework,2583
artifacts/pint-wars/modules/pint-wars-memories/ios/Frameworks/libavcodec.xcframework/ios-arm64/libavcodec.framework/Headers/vvc/inter.h,Vendored framework,1289
artifacts/pint-wars/modules/pint-wars-memories/ios/Frameworks/libavcodec.xcframework/ios-arm64/libavcodec.framework/Headers/vvc/intra.h,Vendored framework,1993
artifacts/pint-wars/modules/pint-wars-memories/ios/Frameworks/libavcodec.xcframework/ios-arm64/libavcodec.framework/Headers/vvc/itx_1d.h,Vendored framework,1707
artifacts/pint-wars/modules/pint-wars-memories/ios/Frameworks/libavcodec.xcframework/ios-arm64/libavcodec.framework/Headers/vvc/mvs.h,Vendored framework,2439
artifacts/pint-wars/modules/pint-wars-memories/ios/Frameworks/libavcodec.xcframework/ios-arm64/libavcodec.framework/Headers/vvc/ps.h,Vendored framework,11625
artifacts/pint-wars/modules/pint-wars-memories/ios/Frameworks/libavcodec.xcframework/ios-arm64/libavcodec.framework/Headers/vvc/refs.h,Vendored framework,2431
artifacts/pint-wars/modules/pint-wars-memories/ios/Frameworks/libavcodec.xcframework/ios-arm64/libavcodec.framework/Headers/vvc/sei.h,Vendored framework,1541
artifacts/pint-wars/modules/pint-wars-memories/ios/Frameworks/libavcodec.xcframework/ios-arm64/libavcodec.framework/Headers/vvc/thread.h,Vendored framework,1325
artifacts/pint-wars/modules/pint-wars-memories/ios/Frameworks/libavcodec.xcframework/ios-arm64/libavcodec.framework/Headers/vvc.h,Vendored framework,5492
artifacts/pint-wars/modules/pint-wars-memories/ios/Frameworks/libavcodec.xcframework/ios-arm64/libavcodec.framework/Headers/wasm/hevc/idct.h,Vendored framework,1460
artifacts/pint-wars/modules/pint-wars-memories/ios/Frameworks/libavcodec.xcframework/ios-arm64/libavcodec.framework/Headers/wasm/hevc/sao.h,Vendored framework,2341
artifacts/pint-wars/modules/pint-wars-memories/ios/Frameworks/libavcodec.xcframework/ios-arm64/libavcodec.framework/Headers/wavpack.h,Vendored framework,4425
artifacts/pint-wars/modules/pint-wars-memories/ios/Frameworks/libavcodec.xcframework/ios-arm64/libavcodec.framework/Headers/wavpackenc.h,Vendored framework,42986
artifacts/pint-wars/modules/pint-wars-memories/ios/Frameworks/libavcodec.xcframework/ios-arm64/libavcodec.framework/Headers/wma.h,Vendored framework,6448
artifacts/pint-wars/modules/pint-wars-memories/ios/Frameworks/libavcodec.xcframework/ios-arm64/libavcodec.framework/Headers/wma_common.h,Vendored framework,1021
artifacts/pint-wars/modules/pint-wars-memories/ios/Frameworks/libavcodec.xcframework/ios-arm64/libavcodec.framework/Headers/wma_freqs.h,Vendored framework,925
artifacts/pint-wars/modules/pint-wars-memories/ios/Frameworks/libavcodec.xcframework/ios-arm64/libavcodec.framework/Headers/wmadata.h,Vendored framework,73786
artifacts/pint-wars/modules/pint-wars-memories/ios/Frameworks/libavcodec.xcframework/ios-arm64/libavcodec.framework/Headers/wmaprodata.h,Vendored framework,25138
artifacts/pint-wars/modules/pint-wars-memories/ios/Frameworks/libavcodec.xcframework/ios-arm64/libavcodec.framework/Headers/wmavoice_data.h,Vendored framework,188004
artifacts/pint-wars/modules/pint-wars-memories/ios/Frameworks/libavcodec.xcframework/ios-arm64/libavcodec.framework/Headers/wmv2.h,Vendored framework,1293
artifacts/pint-wars/modules/pint-wars-memories/ios/Frameworks/libavcodec.xcframework/ios-arm64/libavcodec.framework/Headers/wmv2data.h,Vendored framework,963
artifacts/pint-wars/modules/pint-wars-memories/ios/Frameworks/libavcodec.xcframework/ios-arm64/libavcodec.framework/Headers/wmv2dec.h,Vendored framework,1408
artifacts/pint-wars/modules/pint-wars-memories/ios/Frameworks/libavcodec.xcframework/ios-arm64/libavcodec.framework/Headers/wmv2dsp.h,Vendored framework,974
artifacts/pint-wars/modules/pint-wars-memories/ios/Frameworks/libavcodec.xcframework/ios-arm64/libavcodec.framework/Headers/x86/cabac.h,Vendored framework,14257
artifacts/pint-wars/modules/pint-wars-memories/ios/Frameworks/libavcodec.xcframework/ios-arm64/libavcodec.framework/Headers/x86/constants.h,Vendored framework,2175
artifacts/pint-wars/modules/pint-wars-memories/ios/Frameworks/libavcodec.xcframework/ios-arm64/libavcodec.framework/Headers/x86/fdct.h,Vendored framework,908
artifacts/pint-wars/modules/pint-wars-memories/ios/Frameworks/libavcodec.xcframework/ios-arm64/libavcodec.framework/Headers/x86/fpel.h,Vendored framework,1838
artifacts/pint-wars/modules/pint-wars-memories/ios/Frameworks/libavcodec.xcframework/ios-arm64/libavcodec.framework/Headers/x86/h26x/h2656dsp.h,Vendored framework,4505
artifacts/pint-wars/modules/pint-wars-memories/ios/Frameworks/libavcodec.xcframework/ios-arm64/libavcodec.framework/Headers/x86/hevc/dsp.h,Vendored framework,8273
artifacts/pint-wars/modules/pint-wars-memories/ios/Frameworks/libavcodec.xcframework/ios-arm64/libavcodec.framework/Headers/x86/hpeldsp.h,Vendored framework,1677
artifacts/pint-wars/modules/pint-wars-memories/ios/Frameworks/libavcodec.xcframework/ios-arm64/libavcodec.framework/Headers/x86/idctdsp.h,Vendored framework,1319
artifacts/pint-wars/modules/pint-wars-memories/ios/Frameworks/libavcodec.xcframework/ios-arm64/libavcodec.framework/Headers/x86/mathops.h,Vendored framework,3806
artifacts/pint-wars/modules/pint-wars-memories/ios/Frameworks/libavcodec.xcframework/ios-arm64/libavcodec.framework/Headers/x86/mpegvideoencdsp.h,Vendored framework,1096
artifacts/pint-wars/modules/pint-wars-memories/ios/Frameworks/libavcodec.xcframework/ios-arm64/libavcodec.framework/Headers/x86/qpel.h,Vendored framework,1771
artifacts/pint-wars/modules/pint-wars-memories/ios/Frameworks/libavcodec.xcframework/ios-arm64/libavcodec.framework/Headers/x86/simple_idct.h,Vendored framework,2050
artifacts/pint-wars/modules/pint-wars-memories/ios/Frameworks/libavcodec.xcframework/ios-arm64/libavcodec.framework/Headers/x86/vc1dsp.h,Vendored framework,1188
artifacts/pint-wars/modules/pint-wars-memories/ios/Frameworks/libavcodec.xcframework/ios-arm64/libavcodec.framework/Headers/x86/videodsp.h,Vendored framework,1226
artifacts/pint-wars/modules/pint-wars-memories/ios/Frameworks/libavcodec.xcframework/ios-arm64/libavcodec.framework/Headers/x86/vp9dsp_init.h,Vendored framework,11066
artifacts/pint-wars/modules/pint-wars-memories/ios/Frameworks/libavcodec.xcframework/ios-arm64/libavcodec.framework/Headers/x86/vpx_arith.h,Vendored framework,1777
artifacts/pint-wars/modules/pint-wars-memories/ios/Frameworks/libavcodec.xcframework/ios-arm64/libavcodec.framework/Headers/x86/xvididct.h,Vendored framework,1181
artifacts/pint-wars/modules/pint-wars-memories/ios/Frameworks/libavcodec.xcframework/ios-arm64/libavcodec.framework/Headers/xface.h,Vendored framework,3185
artifacts/pint-wars/modules/pint-wars-memories/ios/Frameworks/libavcodec.xcframework/ios-arm64/libavcodec.framework/Headers/xiph.h,Vendored framework,1781
artifacts/pint-wars/modules/pint-wars-memories/ios/Frameworks/libavcodec.xcframework/ios-arm64/libavcodec.framework/Headers/xvididct.h,Vendored framework,1073
artifacts/pint-wars/modules/pint-wars-memories/ios/Frameworks/libavcodec.xcframework/ios-arm64/libavcodec.framework/Headers/xwd.h,Vendored framework,1263
artifacts/pint-wars/modules/pint-wars-memories/ios/Frameworks/libavcodec.xcframework/ios-arm64/libavcodec.framework/Headers/zlib_wrapper.h,Vendored framework,2067
artifacts/pint-wars/modules/pint-wars-memories/ios/Frameworks/libavcodec.xcframework/ios-arm64/libavcodec.framework/Info.plist,Vendored framework,924
artifacts/pint-wars/modules/pint-wars-memories/ios/Frameworks/libavcodec.xcframework/ios-arm64/libavcodec.framework/LICENSE,Vendored framework,7651
artifacts/pint-wars/modules/pint-wars-memories/ios/Frameworks/libavcodec.xcframework/ios-arm64/libavcodec.framework/libavcodec,Vendored framework,8236200
artifacts/pint-wars/modules/pint-wars-memories/ios/Frameworks/libavdevice.xcframework/Info.plist,Vendored framework,723
artifacts/pint-wars/modules/pint-wars-memories/ios/Frameworks/libavdevice.xcframework/ios-arm64/libavdevice.framework/Headers/alsa.h,Vendored framework,3491
artifacts/pint-wars/modules/pint-wars-memories/ios/Frameworks/libavdevice.xcframework/ios-arm64/libavdevice.framework/Headers/avdevice.h,Vendored framework,13506
artifacts/pint-wars/modules/pint-wars-memories/ios/Frameworks/libavdevice.xcframework/ios-arm64/libavdevice.framework/Headers/decklink_common.h,Vendored framework,8822
artifacts/pint-wars/modules/pint-wars-memories/ios/Frameworks/libavdevice.xcframework/ios-arm64/libavdevice.framework/Headers/decklink_common_c.h,Vendored framework,2157
artifacts/pint-wars/modules/pint-wars-memories/ios/Frameworks/libavdevice.xcframework/ios-arm64/libavdevice.framework/Headers/decklink_dec.h,Vendored framework,1331
artifacts/pint-wars/modules/pint-wars-memories/ios/Frameworks/libavdevice.xcframework/ios-arm64/libavdevice.framework/Headers/decklink_enc.h,Vendored framework,1338
artifacts/pint-wars/modules/pint-wars-memories/ios/Frameworks/libavdevice.xcframework/ios-arm64/libavdevice.framework/Headers/dshow_capture.h,Vendored framework,17226
artifacts/pint-wars/modules/pint-wars-memories/ios/Frameworks/libavdevice.xcframework/ios-arm64/libavdevice.framework/Headers/fbdev_common.h,Vendored framework,1324
artifacts/pint-wars/modules/pint-wars-memories/ios/Frameworks/libavdevice.xcframework/ios-arm64/libavdevice.framework/Headers/internal.h,Vendored framework,1037
artifacts/pint-wars/modules/pint-wars-memories/ios/Frameworks/libavdevice.xcframework/ios-arm64/libavdevice.framework/Headers/oss.h,Vendored framework,1455
artifacts/pint-wars/modules/pint-wars-memories/ios/Frameworks/libavdevice.xcframework/ios-arm64/libavdevice.framework/Headers/pulse_audio_common.h,Vendored framework,1501
artifacts/pint-wars/modules/pint-wars-memories/ios/Frameworks/libavdevice.xcframework/ios-arm64/libavdevice.framework/Headers/sndio.h,Vendored framework,1394
artifacts/pint-wars/modules/pint-wars-memories/ios/Frameworks/libavdevice.xcframework/ios-arm64/libavdevice.framework/Headers/timefilter.h,Vendored framework,3388
artifacts/pint-wars/modules/pint-wars-memories/ios/Frameworks/libavdevice.xcframework/ios-arm64/libavdevice.framework/Headers/v4l2-common.h,Vendored framework,1647
artifacts/pint-wars/modules/pint-wars-memories/ios/Frameworks/libavdevice.xcframework/ios-arm64/libavdevice.framework/Headers/version.h,Vendored framework,1624
artifacts/pint-wars/modules/pint-wars-memories/ios/Frameworks/libavdevice.xcframework/ios-arm64/libavdevice.framework/Headers/version_major.h,Vendored framework,1200
artifacts/pint-wars/modules/pint-wars-memories/ios/Frameworks/libavdevice.xcframework/ios-arm64/libavdevice.framework/Info.plist,Vendored framework,927
artifacts/pint-wars/modules/pint-wars-memories/ios/Frameworks/libavdevice.xcframework/ios-arm64/libavdevice.framework/LICENSE,Vendored framework,7651
artifacts/pint-wars/modules/pint-wars-memories/ios/Frameworks/libavdevice.xcframework/ios-arm64/libavdevice.framework/libavdevice,Vendored framework,73816
artifacts/pint-wars/modules/pint-wars-memories/ios/Frameworks/libavfilter.xcframework/Info.plist,Vendored framework,723
artifacts/pint-wars/modules/pint-wars-memories/ios/Frameworks/libavfilter.xcframework/ios-arm64/libavfilter.framework/Headers/af_afirdsp.h,Vendored framework,2453
artifacts/pint-wars/modules/pint-wars-memories/ios/Frameworks/libavfilter.xcframework/ios-arm64/libavfilter.framework/Headers/af_anlmdndsp.h,Vendored framework,1367
artifacts/pint-wars/modules/pint-wars-memories/ios/Frameworks/libavfilter.xcframework/ios-arm64/libavfilter.framework/Headers/af_volume.h,Vendored framework,2160
artifacts/pint-wars/modules/pint-wars-memories/ios/Frameworks/libavfilter.xcframework/ios-arm64/libavfilter.framework/Headers/atadenoise.h,Vendored framework,1396
artifacts/pint-wars/modules/pint-wars-memories/ios/Frameworks/libavfilter.xcframework/ios-arm64/libavfilter.framework/Headers/audio.h,Vendored framework,2767
artifacts/pint-wars/modules/pint-wars-memories/ios/Frameworks/libavfilter.xcframework/ios-arm64/libavfilter.framework/Headers/avf_showcqt.h,Vendored framework,4360
artifacts/pint-wars/modules/pint-wars-memories/ios/Frameworks/libavfilter.xcframework/ios-arm64/libavfilter.framework/Headers/avfilter.h,Vendored framework,45670
artifacts/pint-wars/modules/pint-wars-memories/ios/Frameworks/libavfilter.xcframework/ios-arm64/libavfilter.framework/Headers/avfilter_internal.h,Vendored framework,6176
artifacts/pint-wars/modules/pint-wars-memories/ios/Frameworks/libavfilter.xcframework/ios-arm64/libavfilter.framework/Headers/bbox.h,Vendored framework,1573
artifacts/pint-wars/modules/pint-wars-memories/ios/Frameworks/libavfilter.xcframework/ios-arm64/libavfilter.framework/Headers/blend.h,Vendored framework,2363
artifacts/pint-wars/modules/pint-wars-memories/ios/Frameworks/libavfilter.xcframework/ios-arm64/libavfilter.framework/Headers/boxblur.h,Vendored framework,1459
artifacts/pint-wars/modules/pint-wars-memories/ios/Frameworks/libavfilter.xcframework/ios-arm64/libavfilter.framework/Headers/bufferqueue.h,Vendored framework,3324
artifacts/pint-wars/modules/pint-wars-memories/ios/Frameworks/libavfilter.xcframework/ios-arm64/libavfilter.framework/Headers/buffersink.h,Vendored framework,6979
artifacts/pint-wars/modules/pint-wars-memories/ios/Frameworks/libavfilter.xcframework/ios-arm64/libavfilter.framework/Headers/buffersrc.h,Vendored framework,7227
artifacts/pint-wars/modules/pint-wars-memories/ios/Frameworks/libavfilter.xcframework/ios-arm64/libavfilter.framework/Headers/bwdifdsp.h,Vendored framework,3692
artifacts/pint-wars/modules/pint-wars-memories/ios/Frameworks/libavfilter.xcframework/ios-arm64/libavfilter.framework/Headers/ccfifo.h,Vendored framework,3739
artifacts/pint-wars/modules/pint-wars-memories/ios/Frameworks/libavfilter.xcframework/ios-arm64/libavfilter.framework/Headers/colorspace.h,Vendored framework,1664
artifacts/pint-wars/modules/pint-wars-memories/ios/Frameworks/libavfilter.xcframework/ios-arm64/libavfilter.framework/Headers/colorspacedsp.h,Vendored framework,3355
artifacts/pint-wars/modules/pint-wars-memories/ios/Frameworks/libavfilter.xcframework/ios-arm64/libavfilter.framework/Headers/convolution.h,Vendored framework,4633
artifacts/pint-wars/modules/pint-wars-memories/ios/Frameworks/libavfilter.xcframework/ios-arm64/libavfilter.framework/Headers/cuda/load_helper.h,Vendored framework,1120
artifacts/pint-wars/modules/pint-wars-memories/ios/Frameworks/libavfilter.xcframework/ios-arm64/libavfilter.framework/Headers/dnn/dnn_backend_common.h,Vendored framework,5800
artifacts/pint-wars/modules/pint-wars-memories/ios/Frameworks/libavfilter.xcframework/ios-arm64/libavfilter.framework/Headers/dnn/dnn_io_proc.h,Vendored framework,1334
artifacts/pint-wars/modules/pint-wars-memories/ios/Frameworks/libavfilter.xcframework/ios-arm64/libavfilter.framework/Headers/dnn/queue.h,Vendored framework,2964
artifacts/pint-wars/modules/pint-wars-memories/ios/Frameworks/libavfilter.xcframework/ios-arm64/libavfilter.framework/Headers/dnn/safe_queue.h,Vendored framework,2929
artifacts/pint-wars/modules/pint-wars-memories/ios/Frameworks/libavfilter.xcframework/ios-arm64/libavfilter.framework/Headers/dnn_filter_common.h,Vendored framework,2949
artifacts/pint-wars/modules/pint-wars-memories/ios/Frameworks/libavfilter.xcframework/ios-arm64/libavfilter.framework/Headers/dnn_interface.h,Vendored framework,6631
artifacts/pint-wars/modules/pint-wars-memories/ios/Frameworks/libavfilter.xcframework/ios-arm64/libavfilter.framework/Headers/drawutils.h,Vendored framework,6076
artifacts/pint-wars/modules/pint-wars-memories/ios/Frameworks/libavfilter.xcframework/ios-arm64/libavfilter.framework/Headers/ebur128.h,Vendored framework,8372
artifacts/pint-wars/modules/pint-wars-memories/ios/Frameworks/libavfilter.xcframework/ios-arm64/libavfilter.framework/Headers/edge_common.h,Vendored framework,4442
artifacts/pint-wars/modules/pint-wars-memories/ios/Frameworks/libavfilter.xcframework/ios-arm64/libavfilter.framework/Headers/f_ebur128.h,Vendored framework,2409
artifacts/pint-wars/modules/pint-wars-memories/ios/Frameworks/libavfilter.xcframework/ios-arm64/libavfilter.framework/Headers/fflcms2.h,Vendored framework,884
artifacts/pint-wars/modules/pint-wars-memories/ios/Frameworks/libavfilter.xcframework/ios-arm64/libavfilter.framework/Headers/filters.h,Vendored framework,30990
artifacts/pint-wars/modules/pint-wars-memories/ios/Frameworks/libavfilter.xcframework/ios-arm64/libavfilter.framework/Headers/formats.h,Vendored framework,26792
artifacts/pint-wars/modules/pint-wars-memories/ios/Frameworks/libavfilter.xcframework/ios-arm64/libavfilter.framework/Headers/framepool.h,Vendored framework,3585
artifacts/pint-wars/modules/pint-wars-memories/ios/Frameworks/libavfilter.xcframework/ios-arm64/libavfilter.framework/Headers/framequeue.h,Vendored framework,4686
artifacts/pint-wars/modules/pint-wars-memories/ios/Frameworks/libavfilter.xcframework/ios-arm64/libavfilter.framework/Headers/framerate.h,Vendored framework,3189
artifacts/pint-wars/modules/pint-wars-memories/ios/Frameworks/libavfilter.xcframework/ios-arm64/libavfilter.framework/Headers/framesync.h,Vendored framework,10006
artifacts/pint-wars/modules/pint-wars-memories/ios/Frameworks/libavfilter.xcframework/ios-arm64/libavfilter.framework/Headers/gblur.h,Vendored framework,2336
artifacts/pint-wars/modules/pint-wars-memories/ios/Frameworks/libavfilter.xcframework/ios-arm64/libavfilter.framework/Headers/generate_wave_table.h,Vendored framework,1220
artifacts/pint-wars/modules/pint-wars-memories/ios/Frameworks/libavfilter.xcframework/ios-arm64/libavfilter.framework/Headers/gradfun.h,Vendored framework,2059
artifacts/pint-wars/modules/pint-wars-memories/ios/Frameworks/libavfilter.xcframework/ios-arm64/libavfilter.framework/Headers/hermite.h,Vendored framework,1381
artifacts/pint-wars/modules/pint-wars-memories/ios/Frameworks/libavfilter.xcframework/ios-arm64/libavfilter.framework/Headers/hflip.h,Vendored framework,1399
artifacts/pint-wars/modules/pint-wars-memories/ios/Frameworks/libavfilter.xcframework/ios-arm64/libavfilter.framework/Headers/lavfutils.h,Vendored framework,1432
artifacts/pint-wars/modules/pint-wars-memories/ios/Frameworks/libavfilter.xcframework/ios-arm64/libavfilter.framework/Headers/limiter.h,Vendored framework,1178
artifacts/pint-wars/modules/pint-wars-memories/ios/Frameworks/libavfilter.xcframework/ios-arm64/libavfilter.framework/Headers/lswsutils.h,Vendored framework,1330
artifacts/pint-wars/modules/pint-wars-memories/ios/Frameworks/libavfilter.xcframework/ios-arm64/libavfilter.framework/Headers/lut3d.h,Vendored framework,2201
artifacts/pint-wars/modules/pint-wars-memories/ios/Frameworks/libavfilter.xcframework/ios-arm64/libavfilter.framework/Headers/maskedclamp.h,Vendored framework,1274
artifacts/pint-wars/modules/pint-wars-memories/ios/Frameworks/libavfilter.xcframework/ios-arm64/libavfilter.framework/Headers/maskedmerge.h,Vendored framework,1559
artifacts/pint-wars/modules/pint-wars-memories/ios/Frameworks/libavfilter.xcframework/ios-arm64/libavfilter.framework/Headers/median.h,Vendored framework,1816
artifacts/pint-wars/modules/pint-wars-memories/ios/Frameworks/libavfilter.xcframework/ios-arm64/libavfilter.framework/Headers/metal/utils.h,Vendored framework,2527
artifacts/pint-wars/modules/pint-wars-memories/ios/Frameworks/libavfilter.xcframework/ios-arm64/libavfilter.framework/Headers/motion_estimation.h,Vendored framework,2908
artifacts/pint-wars/modules/pint-wars-memories/ios/Frameworks/libavfilter.xcframework/ios-arm64/libavfilter.framework/Headers/opencl.h,Vendored framework,13901
artifacts/pint-wars/modules/pint-wars-memories/ios/Frameworks/libavfilter.xcframework/ios-arm64/libavfilter.framework/Headers/opencl_source.h,Vendored framework,1454
artifacts/pint-wars/modules/pint-wars-memories/ios/Frameworks/libavfilter.xcframework/ios-arm64/libavfilter.framework/Headers/palette.h,Vendored framework,1631
artifacts/pint-wars/modules/pint-wars-memories/ios/Frameworks/libavfilter.xcframework/ios-arm64/libavfilter.framework/Headers/perlin.h,Vendored framework,3199
artifacts/pint-wars/modules/pint-wars-memories/ios/Frameworks/libavfilter.xcframework/ios-arm64/libavfilter.framework/Headers/preserve_color.h,Vendored framework,2391
artifacts/pint-wars/modules/pint-wars-memories/ios/Frameworks/libavfilter.xcframework/ios-arm64/libavfilter.framework/Headers/psnr.h,Vendored framework,1173
artifacts/pint-wars/modules/pint-wars-memories/ios/Frameworks/libavfilter.xcframework/ios-arm64/libavfilter.framework/Headers/qp_table.h,Vendored framework,1553
artifacts/pint-wars/modules/pint-wars-memories/ios/Frameworks/libavfilter.xcframework/ios-arm64/libavfilter.framework/Headers/qsvvpp.h,Vendored framework,5030
artifacts/pint-wars/modules/pint-wars-memories/ios/Frameworks/libavfilter.xcframework/ios-arm64/libavfilter.framework/Headers/removegrain.h,Vendored framework,1390
artifacts/pint-wars/modules/pint-wars-memories/ios/Frameworks/libavfilter.xcframework/ios-arm64/libavfilter.framework/Headers/scale_eval.h,Vendored framework,2189
artifacts/pint-wars/modules/pint-wars-memories/ios/Frameworks/libavfilter.xcframework/ios-arm64/libavfilter.framework/Headers/scene_sad.h,Vendored framework,1393
artifacts/pint-wars/modules/pint-wars-memories/ios/Frameworks/libavfilter.xcframework/ios-arm64/libavfilter.framework/Headers/signature.h,Vendored framework,25166
artifacts/pint-wars/modules/pint-wars-memories/ios/Frameworks/libavfilter.xcframework/ios-arm64/libavfilter.framework/Headers/ssim.h,Vendored framework,1308
artifacts/pint-wars/modules/pint-wars-memories/ios/Frameworks/libavfilter.xcframework/ios-arm64/libavfilter.framework/Headers/stack_internal.h,Vendored framework,1724
artifacts/pint-wars/modules/pint-wars-memories/ios/Frameworks/libavfilter.xcframework/ios-arm64/libavfilter.framework/Headers/stereo3d.h,Vendored framework,1340
artifacts/pint-wars/modules/pint-wars-memories/ios/Frameworks/libavfilter.xcframework/ios-arm64/libavfilter.framework/Headers/textutils.h,Vendored framework,9096
artifacts/pint-wars/modules/pint-wars-memories/ios/Frameworks/libavfilter.xcframework/ios-arm64/libavfilter.framework/Headers/threshold.h,Vendored framework,1585
artifacts/pint-wars/modules/pint-wars-memories/ios/Frameworks/libavfilter.xcframework/ios-arm64/libavfilter.framework/Headers/tinterlace.h,Vendored framework,2561
artifacts/pint-wars/modules/pint-wars-memories/ios/Frameworks/libavfilter.xcframework/ios-arm64/libavfilter.framework/Headers/transform.h,Vendored framework,3795
artifacts/pint-wars/modules/pint-wars-memories/ios/Frameworks/libavfilter.xcframework/ios-arm64/libavfilter.framework/Headers/transpose.h,Vendored framework,1609
artifacts/pint-wars/modules/pint-wars-memories/ios/Frameworks/libavfilter.xcframework/ios-arm64/libavfilter.framework/Headers/v360.h,Vendored framework,4700
artifacts/pint-wars/modules/pint-wars-memories/ios/Frameworks/libavfilter.xcframework/ios-arm64/libavfilter.framework/Headers/vaapi_vpp.h,Vendored framework,3305
artifacts/pint-wars/modules/pint-wars-memories/ios/Frameworks/libavfilter.xcframework/ios-arm64/libavfilter.framework/Headers/version.h,Vendored framework,1653
artifacts/pint-wars/modules/pint-wars-memories/ios/Frameworks/libavfilter.xcframework/ios-arm64/libavfilter.framework/Headers/version_major.h,Vendored framework,1223
artifacts/pint-wars/modules/pint-wars-memories/ios/Frameworks/libavfilter.xcframework/ios-arm64/libavfilter.framework/Headers/vf_amf_common.h,Vendored framework,2700
artifacts/pint-wars/modules/pint-wars-memories/ios/Frameworks/libavfilter.xcframework/ios-arm64/libavfilter.framework/Headers/vf_blackdetect.h,Vendored framework,2446
artifacts/pint-wars/modules/pint-wars-memories/ios/Frameworks/libavfilter.xcframework/ios-arm64/libavfilter.framework/Headers/vf_blend_init.h,Vendored framework,9329
artifacts/pint-wars/modules/pint-wars-memories/ios/Frameworks/libavfilter.xcframework/ios-arm64/libavfilter.framework/Headers/vf_colordetectdsp.h,Vendored framework,7910
artifacts/pint-wars/modules/pint-wars-memories/ios/Frameworks/libavfilter.xcframework/ios-arm64/libavfilter.framework/Headers/vf_eq.h,Vendored framework,3341
artifacts/pint-wars/modules/pint-wars-memories/ios/Frameworks/libavfilter.xcframework/ios-arm64/libavfilter.framework/Headers/vf_fsppdsp.h,Vendored framework,3668
artifacts/pint-wars/modules/pint-wars-memories/ios/Frameworks/libavfilter.xcframework/ios-arm64/libavfilter.framework/Headers/vf_gblur_init.h,Vendored framework,4476
artifacts/pint-wars/modules/pint-wars-memories/ios/Frameworks/libavfilter.xcframework/ios-arm64/libavfilter.framework/Headers/vf_hflip_init.h,Vendored framework,3057
artifacts/pint-wars/modules/pint-wars-memories/ios/Frameworks/libavfilter.xcframework/ios-arm64/libavfilter.framework/Headers/vf_hqdn3d.h,Vendored framework,1631
artifacts/pint-wars/modules/pint-wars-memories/ios/Frameworks/libavfilter.xcframework/ios-arm64/libavfilter.framework/Headers/vf_idetdsp.h,Vendored framework,1394
artifacts/pint-wars/modules/pint-wars-memories/ios/Frameworks/libavfilter.xcframework/ios-arm64/libavfilter.framework/Headers/vf_nlmeans.h,Vendored framework,1961
artifacts/pint-wars/modules/pint-wars-memories/ios/Frameworks/libavfilter.xcframework/ios-arm64/libavfilter.framework/Headers/vf_nlmeans_init.h,Vendored framework,5487
artifacts/pint-wars/modules/pint-wars-memories/ios/Frameworks/libavfilter.xcframework/ios-arm64/libavfilter.framework/Headers/vf_noise.h,Vendored framework,2119
artifacts/pint-wars/modules/pint-wars-memories/ios/Frameworks/libavfilter.xcframework/ios-arm64/libavfilter.framework/Headers/vf_overlay.h,Vendored framework,2601
artifacts/pint-wars/modules/pint-wars-memories/ios/Frameworks/libavfilter.xcframework/ios-arm64/libavfilter.framework/Headers/vf_pp7dsp.h,Vendored framework,1862
artifacts/pint-wars/modules/pint-wars-memories/ios/Frameworks/libavfilter.xcframework/ios-arm64/libavfilter.framework/Headers/vf_pullup.h,Vendored framework,1983
artifacts/pint-wars/modules/pint-wars-memories/ios/Frameworks/libavfilter.xcframework/ios-arm64/libavfilter.framework/Headers/vf_scale_cuda.h,Vendored framework,1784
artifacts/pint-wars/modules/pint-wars-memories/ios/Frameworks/libavfilter.xcframework/ios-arm64/libavfilter.framework/Headers/vf_spp.h,Vendored framework,1782
artifacts/pint-wars/modules/pint-wars-memories/ios/Frameworks/libavfilter.xcframework/ios-arm64/libavfilter.framework/Headers/vf_threshold_init.h,Vendored framework,2973
artifacts/pint-wars/modules/pint-wars-memories/ios/Frameworks/libavfilter.xcframework/ios-arm64/libavfilter.framework/Headers/video.h,Vendored framework,2089
artifacts/pint-wars/modules/pint-wars-memories/ios/Frameworks/libavfilter.xcframework/ios-arm64/libavfilter.framework/Headers/vidstabutils.h,Vendored framework,1497
artifacts/pint-wars/modules/pint-wars-memories/ios/Frameworks/libavfilter.xcframework/ios-arm64/libavfilter.framework/Headers/vmaf_motion.h,Vendored framework,2214
artifacts/pint-wars/modules/pint-wars-memories/ios/Frameworks/libavfilter.xcframework/ios-arm64/libavfilter.framework/Headers/vsrc_ddagrab_shaders.h,Vendored framework,7871
artifacts/pint-wars/modules/pint-wars-memories/ios/Frameworks/libavfilter.xcframework/ios-arm64/libavfilter.framework/Headers/vsrc_gfxcapture.h,Vendored framework,2254
artifacts/pint-wars/modules/pint-wars-memories/ios/Frameworks/libavfilter.xcframework/ios-arm64/libavfilter.framework/Headers/vsrc_gfxcapture_shader.h,Vendored framework,3628
artifacts/pint-wars/modules/pint-wars-memories/ios/Frameworks/libavfilter.xcframework/ios-arm64/libavfilter.framework/Headers/vulkan_filter.h,Vendored framework,2601
artifacts/pint-wars/modules/pint-wars-memories/ios/Frameworks/libavfilter.xcframework/ios-arm64/libavfilter.framework/Headers/w3fdif.h,Vendored framework,1978
artifacts/pint-wars/modules/pint-wars-memories/ios/Frameworks/libavfilter.xcframework/ios-arm64/libavfilter.framework/Headers/window_func.h,Vendored framework,10144
artifacts/pint-wars/modules/pint-wars-memories/ios/Frameworks/libavfilter.xcframework/ios-arm64/libavfilter.framework/Headers/xpsnr.h,Vendored framework,1731
artifacts/pint-wars/modules/pint-wars-memories/ios/Frameworks/libavfilter.xcframework/ios-arm64/libavfilter.framework/Headers/yadif.h,Vendored framework,3430
artifacts/pint-wars/modules/pint-wars-memories/ios/Frameworks/libavfilter.xcframework/ios-arm64/libavfilter.framework/Info.plist,Vendored framework,927
artifacts/pint-wars/modules/pint-wars-memories/ios/Frameworks/libavfilter.xcframework/ios-arm64/libavfilter.framework/LICENSE,Vendored framework,7651
artifacts/pint-wars/modules/pint-wars-memories/ios/Frameworks/libavfilter.xcframework/ios-arm64/libavfilter.framework/libavfilter,Vendored framework,2476744
artifacts/pint-wars/modules/pint-wars-memories/ios/Frameworks/libavformat.xcframework/Info.plist,Vendored framework,723
artifacts/pint-wars/modules/pint-wars-memories/ios/Frameworks/libavformat.xcframework/ios-arm64/libavformat.framework/Headers/aiff.h,Vendored framework,1117
artifacts/pint-wars/modules/pint-wars-memories/ios/Frameworks/libavformat.xcframework/ios-arm64/libavformat.framework/Headers/apetag.h,Vendored framework,1361
artifacts/pint-wars/modules/pint-wars-memories/ios/Frameworks/libavformat.xcframework/ios-arm64/libavformat.framework/Headers/apv.h,Vendored framework,1771
artifacts/pint-wars/modules/pint-wars-memories/ios/Frameworks/libavformat.xcframework/ios-arm64/libavformat.framework/Headers/argo_asf.h,Vendored framework,3101
artifacts/pint-wars/modules/pint-wars-memories/ios/Frameworks/libavformat.xcframework/ios-arm64/libavformat.framework/Headers/asf.h,Vendored framework,7973
artifacts/pint-wars/modules/pint-wars-memories/ios/Frameworks/libavformat.xcframework/ios-arm64/libavformat.framework/Headers/asfcrypt.h,Vendored framework,1008
artifacts/pint-wars/modules/pint-wars-memories/ios/Frameworks/libavformat.xcframework/ios-arm64/libavformat.framework/Headers/ast.h,Vendored framework,1043
artifacts/pint-wars/modules/pint-wars-memories/ios/Frameworks/libavformat.xcframework/ios-arm64/libavformat.framework/Headers/av1.h,Vendored framework,4106
artifacts/pint-wars/modules/pint-wars-memories/ios/Frameworks/libavformat.xcframework/ios-arm64/libavformat.framework/Headers/avc.h,Vendored framework,1498
artifacts/pint-wars/modules/pint-wars-memories/ios/Frameworks/libavformat.xcframework/ios-arm64/libavformat.framework/Headers/avformat.h,Vendored framework,121793
artifacts/pint-wars/modules/pint-wars-memories/ios/Frameworks/libavformat.xcframework/ios-arm64/libavformat.framework/Headers/avformat_internal.h,Vendored framework,4713
artifacts/pint-wars/modules/pint-wars-memories/ios/Frameworks/libavformat.xcframework/ios-arm64/libavformat.framework/Headers/avi.h,Vendored framework,1469
artifacts/pint-wars/modules/pint-wars-memories/ios/Frameworks/libavformat.xcframework/ios-arm64/libavformat.framework/Headers/avio.h,Vendored framework,31178
artifacts/pint-wars/modules/pint-wars-memories/ios/Frameworks/libavformat.xcframework/ios-arm64/libavformat.framework/Headers/avio_internal.h,Vendored framework,10675
artifacts/pint-wars/modules/pint-wars-memories/ios/Frameworks/libavformat.xcframework/ios-arm64/libavformat.framework/Headers/avlanguage.h,Vendored framework,1479
artifacts/pint-wars/modules/pint-wars-memories/ios/Frameworks/libavformat.xcframework/ios-arm64/libavformat.framework/Headers/caf.h,Vendored framework,1062
artifacts/pint-wars/modules/pint-wars-memories/ios/Frameworks/libavformat.xcframework/ios-arm64/libavformat.framework/Headers/cbs.h,Vendored framework,1182
artifacts/pint-wars/modules/pint-wars-memories/ios/Frameworks/libavformat.xcframework/ios-arm64/libavformat.framework/Headers/dash.h,Vendored framework,1301
artifacts/pint-wars/modules/pint-wars-memories/ios/Frameworks/libavformat.xcframework/ios-arm64/libavformat.framework/Headers/demux.h,Vendored framework,13420
artifacts/pint-wars/modules/pint-wars-memories/ios/Frameworks/libavformat.xcframework/ios-arm64/libavformat.framework/Headers/dovi_isom.h,Vendored framework,1285
artifacts/pint-wars/modules/pint-wars-memories/ios/Frameworks/libavformat.xcframework/ios-arm64/libavformat.framework/Headers/dv.h,Vendored framework,1378
artifacts/pint-wars/modules/pint-wars-memories/ios/Frameworks/libavformat.xcframework/ios-arm64/libavformat.framework/Headers/dvdclut.h,Vendored framework,1454
artifacts/pint-wars/modules/pint-wars-memories/ios/Frameworks/libavformat.xcframework/ios-arm64/libavformat.framework/Headers/evc.h,Vendored framework,2222
artifacts/pint-wars/modules/pint-wars-memories/ios/Frameworks/libavformat.xcframework/ios-arm64/libavformat.framework/Headers/ffmeta.h,Vendored framework,1024
artifacts/pint-wars/modules/pint-wars-memories/ios/Frameworks/libavformat.xcframework/ios-arm64/libavformat.framework/Headers/flac_picture.h,Vendored framework,1690
artifacts/pint-wars/modules/pint-wars-memories/ios/Frameworks/libavformat.xcframework/ios-arm64/libavformat.framework/Headers/flacenc.h,Vendored framework,1135
artifacts/pint-wars/modules/pint-wars-memories/ios/Frameworks/libavformat.xcframework/ios-arm64/libavformat.framework/Headers/flv.h,Vendored framework,5651
artifacts/pint-wars/modules/pint-wars-memories/ios/Frameworks/libavformat.xcframework/ios-arm64/libavformat.framework/Headers/gxf.h,Vendored framework,1491
artifacts/pint-wars/modules/pint-wars-memories/ios/Frameworks/libavformat.xcframework/ios-arm64/libavformat.framework/Headers/hevc.h,Vendored framework,5427
artifacts/pint-wars/modules/pint-wars-memories/ios/Frameworks/libavformat.xcframework/ios-arm64/libavformat.framework/Headers/hls_sample_encryption.h,Vendored framework,2134
artifacts/pint-wars/modules/pint-wars-memories/ios/Frameworks/libavformat.xcframework/ios-arm64/libavformat.framework/Headers/hlsplaylist.h,Vendored framework,2932
artifacts/pint-wars/modules/pint-wars-memories/ios/Frameworks/libavformat.xcframework/ios-arm64/libavformat.framework/Headers/http.h,Vendored framework,2313
artifacts/pint-wars/modules/pint-wars-memories/ios/Frameworks/libavformat.xcframework/ios-arm64/libavformat.framework/Headers/httpauth.h,Vendored framework,3009
artifacts/pint-wars/modules/pint-wars-memories/ios/Frameworks/libavformat.xcframework/ios-arm64/libavformat.framework/Headers/iamf.h,Vendored framework,6858
artifacts/pint-wars/modules/pint-wars-memories/ios/Frameworks/libavformat.xcframework/ios-arm64/libavformat.framework/Headers/iamf_parse.h,Vendored framework,1380
artifacts/pint-wars/modules/pint-wars-memories/ios/Frameworks/libavformat.xcframework/ios-arm64/libavformat.framework/Headers/iamf_reader.h,Vendored framework,1559
artifacts/pint-wars/modules/pint-wars-memories/ios/Frameworks/libavformat.xcframework/ios-arm64/libavformat.framework/Headers/iamf_writer.h,Vendored framework,1673
artifacts/pint-wars/modules/pint-wars-memories/ios/Frameworks/libavformat.xcframework/ios-arm64/libavformat.framework/Headers/id3v1.h,Vendored framework,1151
artifacts/pint-wars/modules/pint-wars-memories/ios/Frameworks/libavformat.xcframework/ios-arm64/libavformat.framework/Headers/id3v2.h,Vendored framework,6443
artifacts/pint-wars/modules/pint-wars-memories/ios/Frameworks/libavformat.xcframework/ios-arm64/libavformat.framework/Headers/imf.h,Vendored framework,7977
artifacts/pint-wars/modules/pint-wars-memories/ios/Frameworks/libavformat.xcframework/ios-arm64/libavformat.framework/Headers/img2.h,Vendored framework,2097
artifacts/pint-wars/modules/pint-wars-memories/ios/Frameworks/libavformat.xcframework/ios-arm64/libavformat.framework/Headers/internal.h,Vendored framework,22618
artifacts/pint-wars/modules/pint-wars-memories/ios/Frameworks/libavformat.xcframework/ios-arm64/libavformat.framework/Headers/ip.h,Vendored framework,2443
artifacts/pint-wars/modules/pint-wars-memories/ios/Frameworks/libavformat.xcframework/ios-arm64/libavformat.framework/Headers/ircam.h,Vendored framework,1028
artifacts/pint-wars/modules/pint-wars-memories/ios/Frameworks/libavformat.xcframework/ios-arm64/libavformat.framework/Headers/isom.h,Vendored framework,15024
artifacts/pint-wars/modules/pint-wars-memories/ios/Frameworks/libavformat.xcframework/ios-arm64/libavformat.framework/Headers/lcevc.h,Vendored framework,1483
artifacts/pint-wars/modules/pint-wars-memories/ios/Frameworks/libavformat.xcframework/ios-arm64/libavformat.framework/Headers/lrc.h,Vendored framework,988
artifacts/pint-wars/modules/pint-wars-memories/ios/Frameworks/libavformat.xcframework/ios-arm64/libavformat.framework/Headers/matroska.h,Vendored framework,18024
artifacts/pint-wars/modules/pint-wars-memories/ios/Frameworks/libavformat.xcframework/ios-arm64/libavformat.framework/Headers/metadata.h,Vendored framework,1437
artifacts/pint-wars/modules/pint-wars-memories/ios/Frameworks/libavformat.xcframework/ios-arm64/libavformat.framework/Headers/mms.h,Vendored framework,2342
artifacts/pint-wars/modules/pint-wars-memories/ios/Frameworks/libavformat.xcframework/ios-arm64/libavformat.framework/Headers/mov_chan.h,Vendored framework,8602
artifacts/pint-wars/modules/pint-wars-memories/ios/Frameworks/libavformat.xcframework/ios-arm64/libavformat.framework/Headers/movenc.h,Vendored framework,9162
artifacts/pint-wars/modules/pint-wars-memories/ios/Frameworks/libavformat.xcframework/ios-arm64/libavformat.framework/Headers/movenc_ttml.h,Vendored framework,1103
artifacts/pint-wars/modules/pint-wars-memories/ios/Frameworks/libavformat.xcframework/ios-arm64/libavformat.framework/Headers/movenccenc.h,Vendored framework,3524
artifacts/pint-wars/modules/pint-wars-memories/ios/Frameworks/libavformat.xcframework/ios-arm64/libavformat.framework/Headers/mpeg.h,Vendored framework,2508
artifacts/pint-wars/modules/pint-wars-memories/ios/Frameworks/libavformat.xcframework/ios-arm64/libavformat.framework/Headers/mpegts.h,Vendored framework,13082
artifacts/pint-wars/modules/pint-wars-memories/ios/Frameworks/libavformat.xcframework/ios-arm64/libavformat.framework/Headers/mux.h,Vendored framework,10777
artifacts/pint-wars/modules/pint-wars-memories/ios/Frameworks/libavformat.xcframework/ios-arm64/libavformat.framework/Headers/mxf.h,Vendored framework,5325
artifacts/pint-wars/modules/pint-wars-memories/ios/Frameworks/libavformat.xcframework/ios-arm64/libavformat.framework/Headers/nal.h,Vendored framework,2603
artifacts/pint-wars/modules/pint-wars-memories/ios/Frameworks/libavformat.xcframework/ios-arm64/libavformat.framework/Headers/network.h,Vendored framework,10335
artifacts/pint-wars/modules/pint-wars-memories/ios/Frameworks/libavformat.xcframework/ios-arm64/libavformat.framework/Headers/nut.h,Vendored framework,4980
artifacts/pint-wars/modules/pint-wars-memories/ios/Frameworks/libavformat.xcframework/ios-arm64/libavformat.framework/Headers/oggdec.h,Vendored framework,7158
artifacts/pint-wars/modules/pint-wars-memories/ios/Frameworks/libavformat.xcframework/ios-arm64/libavformat.framework/Headers/oma.h,Vendored framework,1443
artifacts/pint-wars/modules/pint-wars-memories/ios/Frameworks/libavformat.xcframework/ios-arm64/libavformat.framework/Headers/options_table.h,Vendored framework,12225
artifacts/pint-wars/modules/pint-wars-memories/ios/Frameworks/libavformat.xcframework/ios-arm64/libavformat.framework/Headers/os_support.h,Vendored framework,9043
artifacts/pint-wars/modules/pint-wars-memories/ios/Frameworks/libavformat.xcframework/ios-arm64/libavformat.framework/Headers/packet_internal.h,Vendored framework,2421
artifacts/pint-wars/modules/pint-wars-memories/ios/Frameworks/libavformat.xcframework/ios-arm64/libavformat.framework/Headers/pcm.h,Vendored framework,1174
artifacts/pint-wars/modules/pint-wars-memories/ios/Frameworks/libavformat.xcframework/ios-arm64/libavformat.framework/Headers/qtpalette.h,Vendored framework,1456
artifacts/pint-wars/modules/pint-wars-memories/ios/Frameworks/libavformat.xcframework/ios-arm64/libavformat.framework/Headers/rawdec.h,Vendored framework,3133
artifacts/pint-wars/modules/pint-wars-memories/ios/Frameworks/libavformat.xcframework/ios-arm64/libavformat.framework/Headers/rawenc.h,Vendored framework,1007
artifacts/pint-wars/modules/pint-wars-memories/ios/Frameworks/libavformat.xcframework/ios-arm64/libavformat.framework/Headers/rawutils.h,Vendored framework,2100
artifacts/pint-wars/modules/pint-wars-memories/ios/Frameworks/libavformat.xcframework/ios-arm64/libavformat.framework/Headers/rdt.h,Vendored framework,4244
artifacts/pint-wars/modules/pint-wars-memories/ios/Frameworks/libavformat.xcframework/ios-arm64/libavformat.framework/Headers/replaygain.h,Vendored framework,1253
artifacts/pint-wars/modules/pint-wars-memories/ios/Frameworks/libavformat.xcframework/ios-arm64/libavformat.framework/Headers/riff.h,Vendored framework,4515
artifacts/pint-wars/modules/pint-wars-memories/ios/Frameworks/libavformat.xcframework/ios-arm64/libavformat.framework/Headers/rm.h,Vendored framework,3947
artifacts/pint-wars/modules/pint-wars-memories/ios/Frameworks/libavformat.xcframework/ios-arm64/libavformat.framework/Headers/rmsipr.h,Vendored framework,1155
artifacts/pint-wars/modules/pint-wars-memories/ios/Frameworks/libavformat.xcframework/ios-arm64/libavformat.framework/Headers/rso.h,Vendored framework,1130
artifacts/pint-wars/modules/pint-wars-memories/ios/Frameworks/libavformat.xcframework/ios-arm64/libavformat.framework/Headers/rtmp.h,Vendored framework,2299
artifacts/pint-wars/modules/pint-wars-memories/ios/Frameworks/libavformat.xcframework/ios-arm64/libavformat.framework/Headers/rtmpcrypt.h,Vendored framework,2286
artifacts/pint-wars/modules/pint-wars-memories/ios/Frameworks/libavformat.xcframework/ios-arm64/libavformat.framework/Headers/rtmpdh.h,Vendored framework,3002
artifacts/pint-wars/modules/pint-wars-memories/ios/Frameworks/libavformat.xcframework/ios-arm64/libavformat.framework/Headers/rtmppkt.h,Vendored framework,11122
artifacts/pint-wars/modules/pint-wars-memories/ios/Frameworks/libavformat.xcframework/ios-arm64/libavformat.framework/Headers/rtp.h,Vendored framework,4018
artifacts/pint-wars/modules/pint-wars-memories/ios/Frameworks/libavformat.xcframework/ios-arm64/libavformat.framework/Headers/rtp_av1.h,Vendored framework,4651
artifacts/pint-wars/modules/pint-wars-memories/ios/Frameworks/libavformat.xcframework/ios-arm64/libavformat.framework/Headers/rtpdec.h,Vendored framework,9172
artifacts/pint-wars/modules/pint-wars-memories/ios/Frameworks/libavformat.xcframework/ios-arm64/libavformat.framework/Headers/rtpdec_formats.h,Vendored framework,5023
artifacts/pint-wars/modules/pint-wars-memories/ios/Frameworks/libavformat.xcframework/ios-arm64/libavformat.framework/Headers/rtpenc.h,Vendored framework,4651
artifacts/pint-wars/modules/pint-wars-memories/ios/Frameworks/libavformat.xcframework/ios-arm64/libavformat.framework/Headers/rtpenc_chain.h,Vendored framework,1155
artifacts/pint-wars/modules/pint-wars-memories/ios/Frameworks/libavformat.xcframework/ios-arm64/libavformat.framework/Headers/rtpproto.h,Vendored framework,1006
artifacts/pint-wars/modules/pint-wars-memories/ios/Frameworks/libavformat.xcframework/ios-arm64/libavformat.framework/Headers/rtsp.h,Vendored framework,27174
artifacts/pint-wars/modules/pint-wars-memories/ios/Frameworks/libavformat.xcframework/ios-arm64/libavformat.framework/Headers/rtspcodes.h,Vendored framework,6059
artifacts/pint-wars/modules/pint-wars-memories/ios/Frameworks/libavformat.xcframework/ios-arm64/libavformat.framework/Headers/sauce.h,Vendored framework,1308
artifacts/pint-wars/modules/pint-wars-memories/ios/Frameworks/libavformat.xcframework/ios-arm64/libavformat.framework/Headers/smjpeg.h,Vendored framework,1473
artifacts/pint-wars/modules/pint-wars-memories/ios/Frameworks/libavformat.xcframework/ios-arm64/libavformat.framework/Headers/sox.h,Vendored framework,1057
artifacts/pint-wars/modules/pint-wars-memories/ios/Frameworks/libavformat.xcframework/ios-arm64/libavformat.framework/Headers/spdif.h,Vendored framework,3156
artifacts/pint-wars/modules/pint-wars-memories/ios/Frameworks/libavformat.xcframework/ios-arm64/libavformat.framework/Headers/srtp.h,Vendored framework,1697
artifacts/pint-wars/modules/pint-wars-memories/ios/Frameworks/libavformat.xcframework/ios-arm64/libavformat.framework/Headers/subtitles.h,Vendored framework,7755
artifacts/pint-wars/modules/pint-wars-memories/ios/Frameworks/libavformat.xcframework/ios-arm64/libavformat.framework/Headers/swf.h,Vendored framework,4231
artifacts/pint-wars/modules/pint-wars-memories/ios/Frameworks/libavformat.xcframework/ios-arm64/libavformat.framework/Headers/tee_common.h,Vendored framework,1081
artifacts/pint-wars/modules/pint-wars-memories/ios/Frameworks/libavformat.xcframework/ios-arm64/libavformat.framework/Headers/tls.h,Vendored framework,6117
artifacts/pint-wars/modules/pint-wars-memories/ios/Frameworks/libavformat.xcframework/ios-arm64/libavformat.framework/Headers/ttmlenc.h,Vendored framework,1455
artifacts/pint-wars/modules/pint-wars-memories/ios/Frameworks/libavformat.xcframework/ios-arm64/libavformat.framework/Headers/url.h,Vendored framework,15882
artifacts/pint-wars/modules/pint-wars-memories/ios/Frameworks/libavformat.xcframework/ios-arm64/libavformat.framework/Headers/urldecode.h,Vendored framework,2323
artifacts/pint-wars/modules/pint-wars-memories/ios/Frameworks/libavformat.xcframework/ios-arm64/libavformat.framework/Headers/version.h,Vendored framework,1652
artifacts/pint-wars/modules/pint-wars-memories/ios/Frameworks/libavformat.xcframework/ios-arm64/libavformat.framework/Headers/version_major.h,Vendored framework,1876
artifacts/pint-wars/modules/pint-wars-memories/ios/Frameworks/libavformat.xcframework/ios-arm64/libavformat.framework/Headers/voc.h,Vendored framework,1746
artifacts/pint-wars/modules/pint-wars-memories/ios/Frameworks/libavformat.xcframework/ios-arm64/libavformat.framework/Headers/vorbiscomment.h,Vendored framework,2192
artifacts/pint-wars/modules/pint-wars-memories/ios/Frameworks/libavformat.xcframework/ios-arm64/libavformat.framework/Headers/vpcc.h,Vendored framework,2176
artifacts/pint-wars/modules/pint-wars-memories/ios/Frameworks/libavformat.xcframework/ios-arm64/libavformat.framework/Headers/vvc.h,Vendored framework,4276
artifacts/pint-wars/modules/pint-wars-memories/ios/Frameworks/libavformat.xcframework/ios-arm64/libavformat.framework/Headers/w64.h,Vendored framework,1126
artifacts/pint-wars/modules/pint-wars-memories/ios/Frameworks/libavformat.xcframework/ios-arm64/libavformat.framework/Headers/wtv.h,Vendored framework,2258
artifacts/pint-wars/modules/pint-wars-memories/ios/Frameworks/libavformat.xcframework/ios-arm64/libavformat.framework/Headers/wv.h,Vendored framework,1809
artifacts/pint-wars/modules/pint-wars-memories/ios/Frameworks/libavformat.xcframework/ios-arm64/libavformat.framework/Headers/yuv4mpeg.h,Vendored framework,981
artifacts/pint-wars/modules/pint-wars-memories/ios/Frameworks/libavformat.xcframework/ios-arm64/libavformat.framework/Info.plist,Vendored framework,927
artifacts/pint-wars/modules/pint-wars-memories/ios/Frameworks/libavformat.xcframework/ios-arm64/libavformat.framework/LICENSE,Vendored framework,7651
artifacts/pint-wars/modules/pint-wars-memories/ios/Frameworks/libavformat.xcframework/ios-arm64/libavformat.framework/libavformat,Vendored framework,2162512
artifacts/pint-wars/modules/pint-wars-memories/ios/Frameworks/libavutil.xcframework/Info.plist,Vendored framework,717
artifacts/pint-wars/modules/pint-wars-memories/ios/Frameworks/libavutil.xcframework/ios-arm64/libavutil.framework/Headers/aarch64/cpu.h,Vendored framework,1668
artifacts/pint-wars/modules/pint-wars-memories/ios/Frameworks/libavutil.xcframework/ios-arm64/libavutil.framework/Headers/aarch64/crc.h,Vendored framework,6395
artifacts/pint-wars/modules/pint-wars-memories/ios/Frameworks/libavutil.xcframework/ios-arm64/libavutil.framework/Headers/aarch64/intreadwrite.h,Vendored framework,1306
artifacts/pint-wars/modules/pint-wars-memories/ios/Frameworks/libavutil.xcframework/ios-arm64/libavutil.framework/Headers/aarch64/neontest.h,Vendored framework,2942
artifacts/pint-wars/modules/pint-wars-memories/ios/Frameworks/libavutil.xcframework/ios-arm64/libavutil.framework/Headers/aarch64/pixelutils.h,Vendored framework,1725
artifacts/pint-wars/modules/pint-wars-memories/ios/Frameworks/libavutil.xcframework/ios-arm64/libavutil.framework/Headers/aarch64/timer.h,Vendored framework,1695
artifacts/pint-wars/modules/pint-wars-memories/ios/Frameworks/libavutil.xcframework/ios-arm64/libavutil.framework/Headers/adler32.h,Vendored framework,1696
artifacts/pint-wars/modules/pint-wars-memories/ios/Frameworks/libavutil.xcframework/ios-arm64/libavutil.framework/Headers/aes.h,Vendored framework,1912
artifacts/pint-wars/modules/pint-wars-memories/ios/Frameworks/libavutil.xcframework/ios-arm64/libavutil.framework/Headers/aes_ctr.h,Vendored framework,2443
artifacts/pint-wars/modules/pint-wars-memories/ios/Frameworks/libavutil.xcframework/ios-arm64/libavutil.framework/Headers/aes_internal.h,Vendored framework,1507
artifacts/pint-wars/modules/pint-wars-memories/ios/Frameworks/libavutil.xcframework/ios-arm64/libavutil.framework/Headers/ambient_viewing_environment.h,Vendored framework,2585
artifacts/pint-wars/modules/pint-wars-memories/ios/Frameworks/libavutil.xcframework/ios-arm64/libavutil.framework/Headers/arm/bswap.h,Vendored framework,1370
artifacts/pint-wars/modules/pint-wars-memories/ios/Frameworks/libavutil.xcframework/ios-arm64/libavutil.framework/Headers/arm/cpu.h,Vendored framework,1521
artifacts/pint-wars/modules/pint-wars-memories/ios/Frameworks/libavutil.xcframework/ios-arm64/libavutil.framework/Headers/arm/float_dsp_arm.h,Vendored framework,1088
artifacts/pint-wars/modules/pint-wars-memories/ios/Frameworks/libavutil.xcframework/ios-arm64/libavutil.framework/Headers/arm/intmath.h,Vendored framework,3884
artifacts/pint-wars/modules/pint-wars-memories/ios/Frameworks/libavutil.xcframework/ios-arm64/libavutil.framework/Headers/arm/neontest.h,Vendored framework,2798
artifacts/pint-wars/modules/pint-wars-memories/ios/Frameworks/libavutil.xcframework/ios-arm64/libavutil.framework/Headers/arm/pixelutils.h,Vendored framework,1584
artifacts/pint-wars/modules/pint-wars-memories/ios/Frameworks/libavutil.xcframework/ios-arm64/libavutil.framework/Headers/arm/timer.h,Vendored framework,1339
artifacts/pint-wars/modules/pint-wars-memories/ios/Frameworks/libavutil.xcframework/ios-arm64/libavutil.framework/Headers/attributes.h,Vendored framework,6672
artifacts/pint-wars/modules/pint-wars-memories/ios/Frameworks/libavutil.xcframework/ios-arm64/libavutil.framework/Headers/attributes_internal.h,Vendored framework,1794
artifacts/pint-wars/modules/pint-wars-memories/ios/Frameworks/libavutil.xcframework/ios-arm64/libavutil.framework/Headers/audio_fifo.h,Vendored framework,5966
artifacts/pint-wars/modules/pint-wars-memories/ios/Frameworks/libavutil.xcframework/ios-arm64/libavutil.framework/Headers/avassert.h,Vendored framework,4015
artifacts/pint-wars/modules/pint-wars-memories/ios/Frameworks/libavutil.xcframework/ios-arm64/libavutil.framework/Headers/avconfig.h,Vendored framework,180
artifacts/pint-wars/modules/pint-wars-memories/ios/Frameworks/libavutil.xcframework/ios-arm64/libavutil.framework/Headers/avstring.h,Vendored framework,14962
artifacts/pint-wars/modules/pint-wars-memories/ios/Frameworks/libavutil.xcframework/ios-arm64/libavutil.framework/Headers/avutil.h,Vendored framework,8702
artifacts/pint-wars/modules/pint-wars-memories/ios/Frameworks/libavutil.xcframework/ios-arm64/libavutil.framework/Headers/base64.h,Vendored framework,2285
artifacts/pint-wars/modules/pint-wars-memories/ios/Frameworks/libavutil.xcframework/ios-arm64/libavutil.framework/Headers/blowfish.h,Vendored framework,2394
artifacts/pint-wars/modules/pint-wars-memories/ios/Frameworks/libavutil.xcframework/ios-arm64/libavutil.framework/Headers/bprint.h,Vendored framework,8818
artifacts/pint-wars/modules/pint-wars-memories/ios/Frameworks/libavutil.xcframework/ios-arm64/libavutil.framework/Headers/bswap.h,Vendored framework,2788
artifacts/pint-wars/modules/pint-wars-memories/ios/Frameworks/libavutil.xcframework/ios-arm64/libavutil.framework/Headers/buffer.h,Vendored framework,11998
artifacts/pint-wars/modules/pint-wars-memories/ios/Frameworks/libavutil.xcframework/ios-arm64/libavutil.framework/Headers/buffer_internal.h,Vendored framework,3044
artifacts/pint-wars/modules/pint-wars-memories/ios/Frameworks/libavutil.xcframework/ios-arm64/libavutil.framework/Headers/camellia.h,Vendored framework,2139
artifacts/pint-wars/modules/pint-wars-memories/ios/Frameworks/libavutil.xcframework/ios-arm64/libavutil.framework/Headers/cast5.h,Vendored framework,2561
artifacts/pint-wars/modules/pint-wars-memories/ios/Frameworks/libavutil.xcframework/ios-arm64/libavutil.framework/Headers/channel_layout.h,Vendored framework,34091
artifacts/pint-wars/modules/pint-wars-memories/ios/Frameworks/libavutil.xcframework/ios-arm64/libavutil.framework/Headers/colorspace.h,Vendored framework,5409
artifacts/pint-wars/modules/pint-wars-memories/ios/Frameworks/libavutil.xcframework/ios-arm64/libavutil.framework/Headers/common.h,Vendored framework,17359
artifacts/pint-wars/modules/pint-wars-memories/ios/Frameworks/libavutil.xcframework/ios-arm64/libavutil.framework/Headers/container_fifo.h,Vendored framework,4855
artifacts/pint-wars/modules/pint-wars-memories/ios/Frameworks/libavutil.xcframework/ios-arm64/libavutil.framework/Headers/cpu.h,Vendored framework,6857
artifacts/pint-wars/modules/pint-wars-memories/ios/Frameworks/libavutil.xcframework/ios-arm64/libavutil.framework/Headers/cpu_internal.h,Vendored framework,2620
artifacts/pint-wars/modules/pint-wars-memories/ios/Frameworks/libavutil.xcframework/ios-arm64/libavutil.framework/Headers/crc.h,Vendored framework,3259
artifacts/pint-wars/modules/pint-wars-memories/ios/Frameworks/libavutil.xcframework/ios-arm64/libavutil.framework/Headers/crc_internal.h,Vendored framework,1835
artifacts/pint-wars/modules/pint-wars-memories/ios/Frameworks/libavutil.xcframework/ios-arm64/libavutil.framework/Headers/csp.h,Vendored framework,7304
artifacts/pint-wars/modules/pint-wars-memories/ios/Frameworks/libavutil.xcframework/ios-arm64/libavutil.framework/Headers/cuda_check.h,Vendored framework,2285
artifacts/pint-wars/modules/pint-wars-memories/ios/Frameworks/libavutil.xcframework/ios-arm64/libavutil.framework/Headers/des.h,Vendored framework,2514
artifacts/pint-wars/modules/pint-wars-memories/ios/Frameworks/libavutil.xcframework/ios-arm64/libavutil.framework/Headers/detection_bbox.h,Vendored framework,3524
artifacts/pint-wars/modules/pint-wars-memories/ios/Frameworks/libavutil.xcframework/ios-arm64/libavutil.framework/Headers/dict.h,Vendored framework,9521
artifacts/pint-wars/modules/pint-wars-memories/ios/Frameworks/libavutil.xcframework/ios-arm64/libavutil.framework/Headers/display.h,Vendored framework,3472
artifacts/pint-wars/modules/pint-wars-memories/ios/Frameworks/libavutil.xcframework/ios-arm64/libavutil.framework/Headers/dovi_meta.h,Vendored framework,12730
artifacts/pint-wars/modules/pint-wars-memories/ios/Frameworks/libavutil.xcframework/ios-arm64/libavutil.framework/Headers/downmix_info.h,Vendored framework,3235
artifacts/pint-wars/modules/pint-wars-memories/ios/Frameworks/libavutil.xcframework/ios-arm64/libavutil.framework/Headers/dynarray.h,Vendored framework,2720
artifacts/pint-wars/modules/pint-wars-memories/ios/Frameworks/libavutil.xcframework/ios-arm64/libavutil.framework/Headers/emms.h,Vendored framework,2741
artifacts/pint-wars/modules/pint-wars-memories/ios/Frameworks/libavutil.xcframework/ios-arm64/libavutil.framework/Headers/encryption_info.h,Vendored framework,7056
artifacts/pint-wars/modules/pint-wars-memories/ios/Frameworks/libavutil.xcframework/ios-arm64/libavutil.framework/Headers/error.h,Vendored framework,5555
artifacts/pint-wars/modules/pint-wars-memories/ios/Frameworks/libavutil.xcframework/ios-arm64/libavutil.framework/Headers/eval.h,Vendored framework,6600
artifacts/pint-wars/modules/pint-wars-memories/ios/Frameworks/libavutil.xcframework/ios-arm64/libavutil.framework/Headers/executor.h,Vendored framework,1924
artifacts/pint-wars/modules/pint-wars-memories/ios/Frameworks/libavutil.xcframework/ios-arm64/libavutil.framework/Headers/ffmath.h,Vendored framework,2073
artifacts/pint-wars/modules/pint-wars-memories/ios/Frameworks/libavutil.xcframework/ios-arm64/libavutil.framework/Headers/ffversion.h,Vendored framework,185
artifacts/pint-wars/modules/pint-wars-memories/ios/Frameworks/libavutil.xcframework/ios-arm64/libavutil.framework/Headers/fifo.h,Vendored framework,8487
artifacts/pint-wars/modules/pint-wars-memories/ios/Frameworks/libavutil.xcframework/ios-arm64/libavutil.framework/Headers/file.h,Vendored framework,4945
artifacts/pint-wars/modules/pint-wars-memories/ios/Frameworks/libavutil.xcframework/ios-arm64/libavutil.framework/Headers/file_open.h,Vendored framework,1947
artifacts/pint-wars/modules/pint-wars-memories/ios/Frameworks/libavutil.xcframework/ios-arm64/libavutil.framework/Headers/film_grain_params.h,Vendored framework,9190
artifacts/pint-wars/modules/pint-wars-memories/ios/Frameworks/libavutil.xcframework/ios-arm64/libavutil.framework/Headers/fixed_dsp.h,Vendored framework,7829
artifacts/pint-wars/modules/pint-wars-memories/ios/Frameworks/libavutil.xcframework/ios-arm64/libavutil.framework/Headers/float2half.h,Vendored framework,1486
artifacts/pint-wars/modules/pint-wars-memories/ios/Frameworks/libavutil.xcframework/ios-arm64/libavutil.framework/Headers/float_dsp.h,Vendored framework,8898
artifacts/pint-wars/modules/pint-wars-memories/ios/Frameworks/libavutil.xcframework/ios-arm64/libavutil.framework/Headers/frame.h,Vendored framework,43901
artifacts/pint-wars/modules/pint-wars-memories/ios/Frameworks/libavutil.xcframework/ios-arm64/libavutil.framework/Headers/getenv_utf8.h,Vendored framework,1969
artifacts/pint-wars/modules/pint-wars-memories/ios/Frameworks/libavutil.xcframework/ios-arm64/libavutil.framework/Headers/half2float.h,Vendored framework,1519
artifacts/pint-wars/modules/pint-wars-memories/ios/Frameworks/libavutil.xcframework/ios-arm64/libavutil.framework/Headers/hash.h,Vendored framework,8457
artifacts/pint-wars/modules/pint-wars-memories/ios/Frameworks/libavutil.xcframework/ios-arm64/libavutil.framework/Headers/hdr_dynamic_metadata.h,Vendored framework,18320
artifacts/pint-wars/modules/pint-wars-memories/ios/Frameworks/libavutil.xcframework/ios-arm64/libavutil.framework/Headers/hdr_dynamic_vivid_metadata.h,Vendored framework,8427
artifacts/pint-wars/modules/pint-wars-memories/ios/Frameworks/libavutil.xcframework/ios-arm64/libavutil.framework/Headers/hmac.h,Vendored framework,2865
artifacts/pint-wars/modules/pint-wars-memories/ios/Frameworks/libavutil.xcframework/ios-arm64/libavutil.framework/Headers/hwcontext.h,Vendored framework,24170
artifacts/pint-wars/modules/pint-wars-memories/ios/Frameworks/libavutil.xcframework/ios-arm64/libavutil.framework/Headers/hwcontext_amf.h,Vendored framework,2217
artifacts/pint-wars/modules/pint-wars-memories/ios/Frameworks/libavutil.xcframework/ios-arm64/libavutil.framework/Headers/hwcontext_amf_internal.h,Vendored framework,1517
artifacts/pint-wars/modules/pint-wars-memories/ios/Frameworks/libavutil.xcframework/ios-arm64/libavutil.framework/Headers/hwcontext_cuda.h,Vendored framework,1843
artifacts/pint-wars/modules/pint-wars-memories/ios/Frameworks/libavutil.xcframework/ios-arm64/libavutil.framework/Headers/hwcontext_cuda_internal.h,Vendored framework,1146
artifacts/pint-wars/modules/pint-wars-memories/ios/Frameworks/libavutil.xcframework/ios-arm64/libavutil.framework/Headers/hwcontext_d3d11va.h,Vendored framework,7193
artifacts/pint-wars/modules/pint-wars-memories/ios/Frameworks/libavutil.xcframework/ios-arm64/libavutil.framework/Headers/hwcontext_d3d12va.h,Vendored framework,6201
artifacts/pint-wars/modules/pint-wars-memories/ios/Frameworks/libavutil.xcframework/ios-arm64/libavutil.framework/Headers/hwcontext_d3d12va_internal.h,Vendored framework,1898
artifacts/pint-wars/modules/pint-wars-memories/ios/Frameworks/libavutil.xcframework/ios-arm64/libavutil.framework/Headers/hwcontext_drm.h,Vendored framework,4673
artifacts/pint-wars/modules/pint-wars-memories/ios/Frameworks/libavutil.xcframework/ios-arm64/libavutil.framework/Headers/hwcontext_dxva2.h,Vendored framework,2411
artifacts/pint-wars/modules/pint-wars-memories/ios/Frameworks/libavutil.xcframework/ios-arm64/libavutil.framework/Headers/hwcontext_internal.h,Vendored framework,6253
artifacts/pint-wars/modules/pint-wars-memories/ios/Frameworks/libavutil.xcframework/ios-arm64/libavutil.framework/Headers/hwcontext_mediacodec.h,Vendored framework,1988
artifacts/pint-wars/modules/pint-wars-memories/ios/Frameworks/libavutil.xcframework/ios-arm64/libavutil.framework/Headers/hwcontext_oh.h,Vendored framework,1098
artifacts/pint-wars/modules/pint-wars-memories/ios/Frameworks/libavutil.xcframework/ios-arm64/libavutil.framework/Headers/hwcontext_opencl.h,Vendored framework,3098
artifacts/pint-wars/modules/pint-wars-memories/ios/Frameworks/libavutil.xcframework/ios-arm64/libavutil.framework/Headers/hwcontext_qsv.h,Vendored framework,2515
artifacts/pint-wars/modules/pint-wars-memories/ios/Frameworks/libavutil.xcframework/ios-arm64/libavutil.framework/Headers/hwcontext_vaapi.h,Vendored framework,3784
artifacts/pint-wars/modules/pint-wars-memories/ios/Frameworks/libavutil.xcframework/ios-arm64/libavutil.framework/Headers/hwcontext_vdpau.h,Vendored framework,1360
artifacts/pint-wars/modules/pint-wars-memories/ios/Frameworks/libavutil.xcframework/ios-arm64/libavutil.framework/Headers/hwcontext_videotoolbox.h,Vendored framework,3877
artifacts/pint-wars/modules/pint-wars-memories/ios/Frameworks/libavutil.xcframework/ios-arm64/libavutil.framework/Headers/hwcontext_vulkan.h,Vendored framework,11870
artifacts/pint-wars/modules/pint-wars-memories/ios/Frameworks/libavutil.xcframework/ios-arm64/libavutil.framework/Headers/iamf.h,Vendored framework,21603
artifacts/pint-wars/modules/pint-wars-memories/ios/Frameworks/libavutil.xcframework/ios-arm64/libavutil.framework/Headers/imgutils.h,Vendored framework,16326
artifacts/pint-wars/modules/pint-wars-memories/ios/Frameworks/libavutil.xcframework/ios-arm64/libavutil.framework/Headers/imgutils_internal.h,Vendored framework,1249
artifacts/pint-wars/modules/pint-wars-memories/ios/Frameworks/libavutil.xcframework/ios-arm64/libavutil.framework/Headers/int128.h,Vendored framework,3053
artifacts/pint-wars/modules/pint-wars-memories/ios/Frameworks/libavutil.xcframework/ios-arm64/libavutil.framework/Headers/integer.h,Vendored framework,2385
artifacts/pint-wars/modules/pint-wars-memories/ios/Frameworks/libavutil.xcframework/ios-arm64/libavutil.framework/Headers/internal.h,Vendored framework,4580
artifacts/pint-wars/modules/pint-wars-memories/ios/Frameworks/libavutil.xcframework/ios-arm64/libavutil.framework/Headers/intfloat.h,Vendored framework,1726
artifacts/pint-wars/modules/pint-wars-memories/ios/Frameworks/libavutil.xcframework/ios-arm64/libavutil.framework/Headers/intmath.h,Vendored framework,4147
artifacts/pint-wars/modules/pint-wars-memories/ios/Frameworks/libavutil.xcframework/ios-arm64/libavutil.framework/Headers/intreadwrite.h,Vendored framework,19426
artifacts/pint-wars/modules/pint-wars-memories/ios/Frameworks/libavutil.xcframework/ios-arm64/libavutil.framework/Headers/lfg.h,Vendored framework,2542
artifacts/pint-wars/modules/pint-wars-memories/ios/Frameworks/libavutil.xcframework/ios-arm64/libavutil.framework/Headers/libm.h,Vendored framework,14360
artifacts/pint-wars/modules/pint-wars-memories/ios/Frameworks/libavutil.xcframework/ios-arm64/libavutil.framework/Headers/lls.h,Vendored framework,2247
artifacts/pint-wars/modules/pint-wars-memories/ios/Frameworks/libavutil.xcframework/ios-arm64/libavutil.framework/Headers/log.h,Vendored framework,14088
artifacts/pint-wars/modules/pint-wars-memories/ios/Frameworks/libavutil.xcframework/ios-arm64/libavutil.framework/Headers/loongarch/cpu.h,Vendored framework,1137
artifacts/pint-wars/modules/pint-wars-memories/ios/Frameworks/libavutil.xcframework/ios-arm64/libavutil.framework/Headers/loongarch/loongson_intrinsics.h,Vendored framework,97952
artifacts/pint-wars/modules/pint-wars-memories/ios/Frameworks/libavutil.xcframework/ios-arm64/libavutil.framework/Headers/loongarch/timer.h,Vendored framework,1405
artifacts/pint-wars/modules/pint-wars-memories/ios/Frameworks/libavutil.xcframework/ios-arm64/libavutil.framework/Headers/lzo.h,Vendored framework,2048
artifacts/pint-wars/modules/pint-wars-memories/ios/Frameworks/libavutil.xcframework/ios-arm64/libavutil.framework/Headers/macos_kperf.h,Vendored framework,915
artifacts/pint-wars/modules/pint-wars-memories/ios/Frameworks/libavutil.xcframework/ios-arm64/libavutil.framework/Headers/macros.h,Vendored framework,2304
artifacts/pint-wars/modules/pint-wars-memories/ios/Frameworks/libavutil.xcframework/ios-arm64/libavutil.framework/Headers/mastering_display_metadata.h,Vendored framework,4284
artifacts/pint-wars/modules/pint-wars-memories/ios/Frameworks/libavutil.xcframework/ios-arm64/libavutil.framework/Headers/mathematics.h,Vendored framework,9565
artifacts/pint-wars/modules/pint-wars-memories/ios/Frameworks/libavutil.xcframework/ios-arm64/libavutil.framework/Headers/md5.h,Vendored framework,2092
artifacts/pint-wars/modules/pint-wars-memories/ios/Frameworks/libavutil.xcframework/ios-arm64/libavutil.framework/Headers/mem.h,Vendored framework,20457
artifacts/pint-wars/modules/pint-wars-memories/ios/Frameworks/libavutil.xcframework/ios-arm64/libavutil.framework/Headers/mem_internal.h,Vendored framework,4399
artifacts/pint-wars/modules/pint-wars-memories/ios/Frameworks/libavutil.xcframework/ios-arm64/libavutil.framework/Headers/mips/asmdefs.h,Vendored framework,3801
artifacts/pint-wars/modules/pint-wars-memories/ios/Frameworks/libavutil.xcframework/ios-arm64/libavutil.framework/Headers/mips/cpu.h,Vendored framework,999
artifacts/pint-wars/modules/pint-wars-memories/ios/Frameworks/libavutil.xcframework/ios-arm64/libavutil.framework/Headers/mips/generic_macros_msa.h,Vendored framework,143115
artifacts/pint-wars/modules/pint-wars-memories/ios/Frameworks/libavutil.xcframework/ios-arm64/libavutil.framework/Headers/mips/intreadwrite.h,Vendored framework,1558
artifacts/pint-wars/modules/pint-wars-memories/ios/Frameworks/libavutil.xcframework/ios-arm64/libavutil.framework/Headers/mips/libm_mips.h,Vendored framework,2938
artifacts/pint-wars/modules/pint-wars-memories/ios/Frameworks/libavutil.xcframework/ios-arm64/libavutil.framework/Headers/mips/mmiutils.h,Vendored framework,20121
artifacts/pint-wars/modules/pint-wars-memories/ios/Frameworks/libavutil.xcframework/ios-arm64/libavutil.framework/Headers/mips/pixelutils.h,Vendored framework,1349
artifacts/pint-wars/modules/pint-wars-memories/ios/Frameworks/libavutil.xcframework/ios-arm64/libavutil.framework/Headers/motion_vector.h,Vendored framework,1770
artifacts/pint-wars/modules/pint-wars-memories/ios/Frameworks/libavutil.xcframework/ios-arm64/libavutil.framework/Headers/murmur3.h,Vendored framework,3507
artifacts/pint-wars/modules/pint-wars-memories/ios/Frameworks/libavutil.xcframework/ios-arm64/libavutil.framework/Headers/objc.h,Vendored framework,994
artifacts/pint-wars/modules/pint-wars-memories/ios/Frameworks/libavutil.xcframework/ios-arm64/libavutil.framework/Headers/opt.h,Vendored framework,46030
artifacts/pint-wars/modules/pint-wars-memories/ios/Frameworks/libavutil.xcframework/ios-arm64/libavutil.framework/Headers/parseutils.h,Vendored framework,7888
artifacts/pint-wars/modules/pint-wars-memories/ios/Frameworks/libavutil.xcframework/ios-arm64/libavutil.framework/Headers/pca.h,Vendored framework,1180
artifacts/pint-wars/modules/pint-wars-memories/ios/Frameworks/libavutil.xcframework/ios-arm64/libavutil.framework/Headers/pixdesc.h,Vendored framework,16432
artifacts/pint-wars/modules/pint-wars-memories/ios/Frameworks/libavutil.xcframework/ios-arm64/libavutil.framework/Headers/pixelutils.h,Vendored framework,2051
artifacts/pint-wars/modules/pint-wars-memories/ios/Frameworks/libavutil.xcframework/ios-arm64/libavutil.framework/Headers/pixfmt.h,Vendored framework,47890
artifacts/pint-wars/modules/pint-wars-memories/ios/Frameworks/libavutil.xcframework/ios-arm64/libavutil.framework/Headers/ppc/cpu.h,Vendored framework,1050
artifacts/pint-wars/modules/pint-wars-memories/ios/Frameworks/libavutil.xcframework/ios-arm64/libavutil.framework/Headers/ppc/float_dsp_altivec.h,Vendored framework,1556
artifacts/pint-wars/modules/pint-wars-memories/ios/Frameworks/libavutil.xcframework/ios-arm64/libavutil.framework/Headers/ppc/float_dsp_vsx.h,Vendored framework,1504
artifacts/pint-wars/modules/pint-wars-memories/ios/Frameworks/libavutil.xcframework/ios-arm64/libavutil.framework/Headers/ppc/intreadwrite.h,Vendored framework,3033
artifacts/pint-wars/modules/pint-wars-memories/ios/Frameworks/libavutil.xcframework/ios-arm64/libavutil.framework/Headers/ppc/timer.h,Vendored framework,1372
artifacts/pint-wars/modules/pint-wars-memories/ios/Frameworks/libavutil.xcframework/ios-arm64/libavutil.framework/Headers/ppc/util_altivec.h,Vendored framework,6012
artifacts/pint-wars/modules/pint-wars-memories/ios/Frameworks/libavutil.xcframework/ios-arm64/libavutil.framework/Headers/qsort.h,Vendored framework,4315
artifacts/pint-wars/modules/pint-wars-memories/ios/Frameworks/libavutil.xcframework/ios-arm64/libavutil.framework/Headers/random_seed.h,Vendored framework,1889
artifacts/pint-wars/modules/pint-wars-memories/ios/Frameworks/libavutil.xcframework/ios-arm64/libavutil.framework/Headers/rational.h,Vendored framework,6287
artifacts/pint-wars/modules/pint-wars-memories/ios/Frameworks/libavutil.xcframework/ios-arm64/libavutil.framework/Headers/raw_color_params.h,Vendored framework,4724
artifacts/pint-wars/modules/pint-wars-memories/ios/Frameworks/libavutil.xcframework/ios-arm64/libavutil.framework/Headers/rc4.h,Vendored framework,2004
artifacts/pint-wars/modules/pint-wars-memories/ios/Frameworks/libavutil.xcframework/ios-arm64/libavutil.framework/Headers/refstruct.h,Vendored framework,12172
artifacts/pint-wars/modules/pint-wars-memories/ios/Frameworks/libavutil.xcframework/ios-arm64/libavutil.framework/Headers/replaygain.h,Vendored framework,1607
artifacts/pint-wars/modules/pint-wars-memories/ios/Frameworks/libavutil.xcframework/ios-arm64/libavutil.framework/Headers/reverse.h,Vendored framework,974
artifacts/pint-wars/modules/pint-wars-memories/ios/Frameworks/libavutil.xcframework/ios-arm64/libavutil.framework/Headers/ripemd.h,Vendored framework,2158
artifacts/pint-wars/modules/pint-wars-memories/ios/Frameworks/libavutil.xcframework/ios-arm64/libavutil.framework/Headers/riscv/bswap.h,Vendored framework,2091
artifacts/pint-wars/modules/pint-wars-memories/ios/Frameworks/libavutil.xcframework/ios-arm64/libavutil.framework/Headers/riscv/cpu.h,Vendored framework,2216
artifacts/pint-wars/modules/pint-wars-memories/ios/Frameworks/libavutil.xcframework/ios-arm64/libavutil.framework/Headers/riscv/intmath.h,Vendored framework,6744
artifacts/pint-wars/modules/pint-wars-memories/ios/Frameworks/libavutil.xcframework/ios-arm64/libavutil.framework/Headers/riscv/pixelutils.h,Vendored framework,1596
artifacts/pint-wars/modules/pint-wars-memories/ios/Frameworks/libavutil.xcframework/ios-arm64/libavutil.framework/Headers/samplefmt.h,Vendored framework,10270
artifacts/pint-wars/modules/pint-wars-memories/ios/Frameworks/libavutil.xcframework/ios-arm64/libavutil.framework/Headers/sfc64.h,Vendored framework,2546
artifacts/pint-wars/modules/pint-wars-memories/ios/Frameworks/libavutil.xcframework/ios-arm64/libavutil.framework/Headers/sha.h,Vendored framework,2368
artifacts/pint-wars/modules/pint-wars-memories/ios/Frameworks/libavutil.xcframework/ios-arm64/libavutil.framework/Headers/sha512.h,Vendored framework,2413
artifacts/pint-wars/modules/pint-wars-memories/ios/Frameworks/libavutil.xcframework/ios-arm64/libavutil.framework/Headers/side_data.h,Vendored framework,1170
artifacts/pint-wars/modules/pint-wars-memories/ios/Frameworks/libavutil.xcframework/ios-arm64/libavutil.framework/Headers/slicethread.h,Vendored framework,1984
artifacts/pint-wars/modules/pint-wars-memories/ios/Frameworks/libavutil.xcframework/ios-arm64/libavutil.framework/Headers/softfloat.h,Vendored framework,8811
artifacts/pint-wars/modules/pint-wars-memories/ios/Frameworks/libavutil.xcframework/ios-arm64/libavutil.framework/Headers/softfloat_ieee754.h,Vendored framework,3692
artifacts/pint-wars/modules/pint-wars-memories/ios/Frameworks/libavutil.xcframework/ios-arm64/libavutil.framework/Headers/softfloat_tables.h,Vendored framework,11699
artifacts/pint-wars/modules/pint-wars-memories/ios/Frameworks/libavutil.xcframework/ios-arm64/libavutil.framework/Headers/spherical.h,Vendored framework,8607
artifacts/pint-wars/modules/pint-wars-memories/ios/Frameworks/libavutil.xcframework/ios-arm64/libavutil.framework/Headers/stereo3d.h,Vendored framework,7446
artifacts/pint-wars/modules/pint-wars-memories/ios/Frameworks/libavutil.xcframework/ios-arm64/libavutil.framework/Headers/tablegen.h,Vendored framework,1506
artifacts/pint-wars/modules/pint-wars-memories/ios/Frameworks/libavutil.xcframework/ios-arm64/libavutil.framework/Headers/tdrdi.h,Vendored framework,5280
artifacts/pint-wars/modules/pint-wars-memories/ios/Frameworks/libavutil.xcframework/ios-arm64/libavutil.framework/Headers/tea.h,Vendored framework,2035
artifacts/pint-wars/modules/pint-wars-memories/ios/Frameworks/libavutil.xcframework/ios-arm64/libavutil.framework/Headers/thread.h,Vendored framework,7818
artifacts/pint-wars/modules/pint-wars-memories/ios/Frameworks/libavutil.xcframework/ios-arm64/libavutil.framework/Headers/threadmessage.h,Vendored framework,3910
artifacts/pint-wars/modules/pint-wars-memories/ios/Frameworks/libavutil.xcframework/ios-arm64/libavutil.framework/Headers/time.h,Vendored framework,1800
artifacts/pint-wars/modules/pint-wars-memories/ios/Frameworks/libavutil.xcframework/ios-arm64/libavutil.framework/Headers/time_internal.h,Vendored framework,1458
artifacts/pint-wars/modules/pint-wars-memories/ios/Frameworks/libavutil.xcframework/ios-arm64/libavutil.framework/Headers/timecode.h,Vendored framework,7843
artifacts/pint-wars/modules/pint-wars-memories/ios/Frameworks/libavutil.xcframework/ios-arm64/libavutil.framework/Headers/timecode_internal.h,Vendored framework,1951
artifacts/pint-wars/modules/pint-wars-memories/ios/Frameworks/libavutil.xcframework/ios-arm64/libavutil.framework/Headers/timer.h,Vendored framework,6820
artifacts/pint-wars/modules/pint-wars-memories/ios/Frameworks/libavutil.xcframework/ios-arm64/libavutil.framework/Headers/timestamp.h,Vendored framework,2726
artifacts/pint-wars/modules/pint-wars-memories/ios/Frameworks/libavutil.xcframework/ios-arm64/libavutil.framework/Headers/tree.h,Vendored framework,5408
artifacts/pint-wars/modules/pint-wars-memories/ios/Frameworks/libavutil.xcframework/ios-arm64/libavutil.framework/Headers/twofish.h,Vendored framework,2245
artifacts/pint-wars/modules/pint-wars-memories/ios/Frameworks/libavutil.xcframework/ios-arm64/libavutil.framework/Headers/tx.h,Vendored framework,7141
artifacts/pint-wars/modules/pint-wars-memories/ios/Frameworks/libavutil.xcframework/ios-arm64/libavutil.framework/Headers/tx_priv.h,Vendored framework,17874
artifacts/pint-wars/modules/pint-wars-memories/ios/Frameworks/libavutil.xcframework/ios-arm64/libavutil.framework/Headers/uuid.h,Vendored framework,4895
artifacts/pint-wars/modules/pint-wars-memories/ios/Frameworks/libavutil.xcframework/ios-arm64/libavutil.framework/Headers/version.h,Vendored framework,4124
artifacts/pint-wars/modules/pint-wars-memories/ios/Frameworks/libavutil.xcframework/ios-arm64/libavutil.framework/Headers/version_major.h,Vendored framework,999
artifacts/pint-wars/modules/pint-wars-memories/ios/Frameworks/libavutil.xcframework/ios-arm64/libavutil.framework/Headers/video_enc_params.h,Vendored framework,5991
artifacts/pint-wars/modules/pint-wars-memories/ios/Frameworks/libavutil.xcframework/ios-arm64/libavutil.framework/Headers/video_hint.h,Vendored framework,3585
artifacts/pint-wars/modules/pint-wars-memories/ios/Frameworks/libavutil.xcframework/ios-arm64/libavutil.framework/Headers/vulkan.h,Vendored framework,25040
artifacts/pint-wars/modules/pint-wars-memories/ios/Frameworks/libavutil.xcframework/ios-arm64/libavutil.framework/Headers/vulkan_functions.h,Vendored framework,22352
artifacts/pint-wars/modules/pint-wars-memories/ios/Frameworks/libavutil.xcframework/ios-arm64/libavutil.framework/Headers/vulkan_loader.h,Vendored framework,8829
artifacts/pint-wars/modules/pint-wars-memories/ios/Frameworks/libavutil.xcframework/ios-arm64/libavutil.framework/Headers/wchar_filename.h,Vendored framework,8939
artifacts/pint-wars/modules/pint-wars-memories/ios/Frameworks/libavutil.xcframework/ios-arm64/libavutil.framework/Headers/x86/asm.h,Vendored framework,6032
artifacts/pint-wars/modules/pint-wars-memories/ios/Frameworks/libavutil.xcframework/ios-arm64/libavutil.framework/Headers/x86/bswap.h,Vendored framework,1896
artifacts/pint-wars/modules/pint-wars-memories/ios/Frameworks/libavutil.xcframework/ios-arm64/libavutil.framework/Headers/x86/cpu.h,Vendored framework,6313
artifacts/pint-wars/modules/pint-wars-memories/ios/Frameworks/libavutil.xcframework/ios-arm64/libavutil.framework/Headers/x86/crc.h,Vendored framework,5761
artifacts/pint-wars/modules/pint-wars-memories/ios/Frameworks/libavutil.xcframework/ios-arm64/libavutil.framework/Headers/x86/intmath.h,Vendored framework,3411
artifacts/pint-wars/modules/pint-wars-memories/ios/Frameworks/libavutil.xcframework/ios-arm64/libavutil.framework/Headers/x86/intreadwrite.h,Vendored framework,1749
artifacts/pint-wars/modules/pint-wars-memories/ios/Frameworks/libavutil.xcframework/ios-arm64/libavutil.framework/Headers/x86/pixelutils.h,Vendored framework,3232
artifacts/pint-wars/modules/pint-wars-memories/ios/Frameworks/libavutil.xcframework/ios-arm64/libavutil.framework/Headers/x86/timer.h,Vendored framework,1402
artifacts/pint-wars/modules/pint-wars-memories/ios/Frameworks/libavutil.xcframework/ios-arm64/libavutil.framework/Headers/x86/w64xmmtest.h,Vendored framework,3343
artifacts/pint-wars/modules/pint-wars-memories/ios/Frameworks/libavutil.xcframework/ios-arm64/libavutil.framework/Headers/xga_font_data.h,Vendored framework,1050
artifacts/pint-wars/modules/pint-wars-memories/ios/Frameworks/libavutil.xcframework/ios-arm64/libavutil.framework/Headers/xtea.h,Vendored framework,2834
artifacts/pint-wars/modules/pint-wars-memories/ios/Frameworks/libavutil.xcframework/ios-arm64/libavutil.framework/Headers/zlib_utils.h,Vendored framework,2596
artifacts/pint-wars/modules/pint-wars-memories/ios/Frameworks/libavutil.xcframework/ios-arm64/libavutil.framework/Info.plist,Vendored framework,921
artifacts/pint-wars/modules/pint-wars-memories/ios/Frameworks/libavutil.xcframework/ios-arm64/libavutil.framework/LICENSE,Vendored framework,7651
artifacts/pint-wars/modules/pint-wars-memories/ios/Frameworks/libavutil.xcframework/ios-arm64/libavutil.framework/libavutil,Vendored framework,576096
artifacts/pint-wars/modules/pint-wars-memories/ios/Frameworks/libswresample.xcframework/Info.plist,Vendored framework,729
artifacts/pint-wars/modules/pint-wars-memories/ios/Frameworks/libswresample.xcframework/ios-arm64/libswresample.framework/Headers/audioconvert.h,Vendored framework,2624
artifacts/pint-wars/modules/pint-wars-memories/ios/Frameworks/libswresample.xcframework/ios-arm64/libswresample.framework/Headers/resample.h,Vendored framework,2288
artifacts/pint-wars/modules/pint-wars-memories/ios/Frameworks/libswresample.xcframework/ios-arm64/libswresample.framework/Headers/swresample.h,Vendored framework,22361
artifacts/pint-wars/modules/pint-wars-memories/ios/Frameworks/libswresample.xcframework/ios-arm64/libswresample.framework/Headers/swresample_internal.h,Vendored framework,13861
artifacts/pint-wars/modules/pint-wars-memories/ios/Frameworks/libswresample.xcframework/ios-arm64/libswresample.framework/Headers/version.h,Vendored framework,1707
artifacts/pint-wars/modules/pint-wars-memories/ios/Frameworks/libswresample.xcframework/ios-arm64/libswresample.framework/Headers/version_major.h,Vendored framework,1015
artifacts/pint-wars/modules/pint-wars-memories/ios/Frameworks/libswresample.xcframework/ios-arm64/libswresample.framework/Info.plist,Vendored framework,931
artifacts/pint-wars/modules/pint-wars-memories/ios/Frameworks/libswresample.xcframework/ios-arm64/libswresample.framework/LICENSE,Vendored framework,7651
artifacts/pint-wars/modules/pint-wars-memories/ios/Frameworks/libswresample.xcframework/ios-arm64/libswresample.framework/libswresample,Vendored framework,119208
artifacts/pint-wars/modules/pint-wars-memories/ios/Frameworks/libswscale.xcframework/Info.plist,Vendored framework,720
artifacts/pint-wars/modules/pint-wars-memories/ios/Frameworks/libswscale.xcframework/ios-arm64/libswscale.framework/Headers/aarch64/asm-offsets.h,Vendored framework,1230
artifacts/pint-wars/modules/pint-wars-memories/ios/Frameworks/libswscale.xcframework/ios-arm64/libswscale.framework/Headers/aarch64/ops_impl.h,Vendored framework,6035
artifacts/pint-wars/modules/pint-wars-memories/ios/Frameworks/libswscale.xcframework/ios-arm64/libswscale.framework/Headers/aarch64/ops_lookup.h,Vendored framework,1133
artifacts/pint-wars/modules/pint-wars-memories/ios/Frameworks/libswscale.xcframework/ios-arm64/libswscale.framework/Headers/aarch64/rasm.h,Vendored framework,25034
artifacts/pint-wars/modules/pint-wars-memories/ios/Frameworks/libswscale.xcframework/ios-arm64/libswscale.framework/Headers/cms.h,Vendored framework,3597
artifacts/pint-wars/modules/pint-wars-memories/ios/Frameworks/libswscale.xcframework/ios-arm64/libswscale.framework/Headers/csputils.h,Vendored framework,3486
artifacts/pint-wars/modules/pint-wars-memories/ios/Frameworks/libswscale.xcframework/ios-arm64/libswscale.framework/Headers/filters.h,Vendored framework,4913
artifacts/pint-wars/modules/pint-wars-memories/ios/Frameworks/libswscale.xcframework/ios-arm64/libswscale.framework/Headers/format.h,Vendored framework,8102
artifacts/pint-wars/modules/pint-wars-memories/ios/Frameworks/libswscale.xcframework/ios-arm64/libswscale.framework/Headers/graph.h,Vendored framework,8068
artifacts/pint-wars/modules/pint-wars-memories/ios/Frameworks/libswscale.xcframework/ios-arm64/libswscale.framework/Headers/loongarch/swscale_loongarch.h,Vendored framework,10994
artifacts/pint-wars/modules/pint-wars-memories/ios/Frameworks/libswscale.xcframework/ios-arm64/libswscale.framework/Headers/lut3d.h,Vendored framework,3194
artifacts/pint-wars/modules/pint-wars-memories/ios/Frameworks/libswscale.xcframework/ios-arm64/libswscale.framework/Headers/ops.h,Vendored framework,12375
artifacts/pint-wars/modules/pint-wars-memories/ios/Frameworks/libswscale.xcframework/ios-arm64/libswscale.framework/Headers/ops_chain.h,Vendored framework,5692
artifacts/pint-wars/modules/pint-wars-memories/ios/Frameworks/libswscale.xcframework/ios-arm64/libswscale.framework/Headers/ops_dispatch.h,Vendored framework,6709
artifacts/pint-wars/modules/pint-wars-memories/ios/Frameworks/libswscale.xcframework/ios-arm64/libswscale.framework/Headers/ops_internal.h,Vendored framework,4399
artifacts/pint-wars/modules/pint-wars-memories/ios/Frameworks/libswscale.xcframework/ios-arm64/libswscale.framework/Headers/ppc/yuv2rgb_altivec.h,Vendored framework,2079
artifacts/pint-wars/modules/pint-wars-memories/ios/Frameworks/libswscale.xcframework/ios-arm64/libswscale.framework/Headers/rational64.h,Vendored framework,3639
artifacts/pint-wars/modules/pint-wars-memories/ios/Frameworks/libswscale.xcframework/ios-arm64/libswscale.framework/Headers/rgb2rgb.h,Vendored framework,9019
artifacts/pint-wars/modules/pint-wars-memories/ios/Frameworks/libswscale.xcframework/ios-arm64/libswscale.framework/Headers/swscale.h,Vendored framework,28916
artifacts/pint-wars/modules/pint-wars-memories/ios/Frameworks/libswscale.xcframework/ios-arm64/libswscale.framework/Headers/swscale_internal.h,Vendored framework,50717
artifacts/pint-wars/modules/pint-wars-memories/ios/Frameworks/libswscale.xcframework/ios-arm64/libswscale.framework/Headers/uops.h,Vendored framework,9797
artifacts/pint-wars/modules/pint-wars-memories/ios/Frameworks/libswscale.xcframework/ios-arm64/libswscale.framework/Headers/uops_macros.h,Vendored framework,153519
artifacts/pint-wars/modules/pint-wars-memories/ios/Frameworks/libswscale.xcframework/ios-arm64/libswscale.framework/Headers/uops_tmpl.h,Vendored framework,6034
artifacts/pint-wars/modules/pint-wars-memories/ios/Frameworks/libswscale.xcframework/ios-arm64/libswscale.framework/Headers/version.h,Vendored framework,1589
artifacts/pint-wars/modules/pint-wars-memories/ios/Frameworks/libswscale.xcframework/ios-arm64/libswscale.framework/Headers/version_major.h,Vendored framework,1176
artifacts/pint-wars/modules/pint-wars-memories/ios/Frameworks/libswscale.xcframework/ios-arm64/libswscale.framework/Headers/vulkan/ops.h,Vendored framework,1304
artifacts/pint-wars/modules/pint-wars-memories/ios/Frameworks/libswscale.xcframework/ios-arm64/libswscale.framework/Headers/vulkan/spvasm.h,Vendored framework,22300
artifacts/pint-wars/modules/pint-wars-memories/ios/Frameworks/libswscale.xcframework/ios-arm64/libswscale.framework/Headers/x86/uops_macros.asm.h,Vendored framework,3371
artifacts/pint-wars/modules/pint-wars-memories/ios/Frameworks/libswscale.xcframework/ios-arm64/libswscale.framework/Info.plist,Vendored framework,924
artifacts/pint-wars/modules/pint-wars-memories/ios/Frameworks/libswscale.xcframework/ios-arm64/libswscale.framework/LICENSE,Vendored framework,7651
artifacts/pint-wars/modules/pint-wars-memories/ios/Frameworks/libswscale.xcframework/ios-arm64/libswscale.framework/libswscale,Vendored framework,634336
artifacts/pint-wars/modules/pint-wars-memories/ios/MemoriesJobStore.swift,Existing source/configuration (unchanged),4854
artifacts/pint-wars/modules/pint-wars-memories/ios/MemoriesPlayerView.swift,Existing source/configuration (unchanged),3800
artifacts/pint-wars/modules/pint-wars-memories/ios/MemoriesRenderer.swift,Existing source/configuration (unchanged),8965
artifacts/pint-wars/modules/pint-wars-memories/ios/Notices/FFmpegKitNext-LICENSE,Native license/provenance,7651
artifacts/pint-wars/modules/pint-wars-memories/ios/Notices/embedded/ffmpegkit.xcframework/ios-arm64/ffmpegkit.framework/LICENSE,Native license/provenance,7651
artifacts/pint-wars/modules/pint-wars-memories/ios/Notices/embedded/ffmpegkit.xcframework/ios-arm64/ffmpegkit.framework/SOURCE,Native license/provenance,610
artifacts/pint-wars/modules/pint-wars-memories/ios/Notices/embedded/libavcodec.xcframework/ios-arm64/libavcodec.framework/LICENSE,Native license/provenance,7651
artifacts/pint-wars/modules/pint-wars-memories/ios/Notices/embedded/libavdevice.xcframework/ios-arm64/libavdevice.framework/LICENSE,Native license/provenance,7651
artifacts/pint-wars/modules/pint-wars-memories/ios/Notices/embedded/libavfilter.xcframework/ios-arm64/libavfilter.framework/LICENSE,Native license/provenance,7651
artifacts/pint-wars/modules/pint-wars-memories/ios/Notices/embedded/libavformat.xcframework/ios-arm64/libavformat.framework/LICENSE,Native license/provenance,7651
artifacts/pint-wars/modules/pint-wars-memories/ios/Notices/embedded/libavutil.xcframework/ios-arm64/libavutil.framework/LICENSE,Native license/provenance,7651
artifacts/pint-wars/modules/pint-wars-memories/ios/Notices/embedded/libswresample.xcframework/ios-arm64/libswresample.framework/LICENSE,Native license/provenance,7651
artifacts/pint-wars/modules/pint-wars-memories/ios/Notices/embedded/libswscale.xcframework/ios-arm64/libswscale.framework/LICENSE,Native license/provenance,7651
artifacts/pint-wars/modules/pint-wars-memories/ios/Notices/source-license-manifest.json,Native license/provenance,7877
artifacts/pint-wars/modules/pint-wars-memories/ios/Notices/upstream-SOURCE,Native license/provenance,610
artifacts/pint-wars/modules/pint-wars-memories/ios/Notices/verification.txt,Native license/provenance,1004
artifacts/pint-wars/modules/pint-wars-memories/ios/PintWarsMemories.podspec,Existing source/configuration (unchanged),1066
artifacts/pint-wars/modules/pint-wars-memories/ios/PintWarsMemoriesModule.swift,Existing source/configuration (unchanged),4240
artifacts/pint-wars/modules/pint-wars-memories/ios/PrivacyInfo.xcprivacy,Existing source/configuration (unchanged),546
artifacts/pint-wars/modules/pint-wars-memories/package.json,Existing source/configuration (unchanged),166
